{
  "K": 10,
  "alpha": 0.5,
  "beta": 0.5,
  "prior_scale": 1.0,
  "method": "mcmc",
  "val_accuracy": 0.8659752692461109,
  "val_auc": 0.9397482507512449
}