{
  "K": 15,
  "alpha": 1.0,
  "beta": 0.5,
  "prior_scale": 0.1,
  "method": "svi",
  "val_accuracy": 0.6110889509373754,
  "val_auc": 0.5005661753416244
}