{
  "K": 5,
  "alpha": 0.5,
  "beta": 0.1,
  "prior_scale": 0.1,
  "method": "svi",
  "val_accuracy": 0.44036697247706424,
  "val_auc": 0.4819543605097498
}