{
  "K": 15,
  "alpha": 0.1,
  "beta": 0.5,
  "prior_scale": 1.0,
  "method": "svi",
  "val_accuracy": 0.38783649052841473,
  "val_auc": 0.5629476323789568
}