{
  "topic_0": {
    "words": [
      "call",
      "free",
      "txt",
      "ur",
      "mobil",
      "claim",
      "text",
      "win",
      "send",
      "get",
      "prize",
      "number",
      "repli",
      "award",
      "contact",
      "collect",
      "cash",
      "urgent",
      "phone",
      "messag"
    ],
    "probabilities": [
      0.03267599642276764,
      0.024350173771381378,
      0.01642199605703354,
      0.01530497893691063,
      0.014433826319873333,
      0.012229349464178085,
      0.011063408106565475,
      0.010958129540085793,
      0.01051102951169014,
      0.009578859433531761,
      0.00860277097672224,
      0.008375780656933784,
      0.008188494481146336,
      0.008099456317722797,
      0.008093968033790588,
      0.00808277539908886,
      0.007867624051868916,
      0.007781096734106541,
      0.007706441916525364,
      0.007689890451729298
    ]
  },
  "topic_1": {
    "words": [
      "fuck",
      "may",
      "book",
      "wat",
      "well",
      "yesterday",
      "juz",
      "actual",
      "test",
      "need",
      "away",
      "bed",
      "pub",
      "go",
      "true",
      "abt",
      "gotta",
      "exam",
      "normal",
      "sad"
    ],
    "probabilities": [
      0.016294201835989952,
      0.01556687243282795,
      0.011368072591722012,
      0.011353233829140663,
      0.011257370933890343,
      0.010432292707264423,
      0.01041197869926691,
      0.010072401724755764,
      0.00938443373888731,
      0.00930673349648714,
      0.009290757589042187,
      0.009110482409596443,
      0.009007951244711876,
      0.008982688188552856,
      0.008930012583732605,
      0.008873455226421356,
      0.0088292071595788,
      0.008733732625842094,
      0.00871182233095169,
      0.00869444664567709
    ]
  },
  "topic_2": {
    "words": [
      "oki",
      "hey",
      "much",
      "rememb",
      "nite",
      "yet",
      "account",
      "bring",
      "surf",
      "ltgt",
      "song",
      "bu",
      "sound",
      "car",
      "ah",
      "babi",
      "dinner",
      "love",
      "fun",
      "prob"
    ],
    "probabilities": [
      0.0185683723539114,
      0.015007871203124523,
      0.01331961341202259,
      0.012582745403051376,
      0.012382620014250278,
      0.012182858772575855,
      0.012078613042831421,
      0.01200402807444334,
      0.011854009702801704,
      0.011594527401030064,
      0.011340032331645489,
      0.01128306519240141,
      0.010855980217456818,
      0.010601546615362167,
      0.010346302762627602,
      0.009949879720807076,
      0.00992614310234785,
      0.009822314605116844,
      0.009820034727454185,
      0.00974526908248663
    ]
  },
  "topic_3": {
    "words": [
      "happen",
      "im",
      "long",
      "chat",
      "yeah",
      "readi",
      "wanna",
      "amp",
      "name",
      "player",
      "ur",
      "person",
      "lei",
      "someon",
      "left",
      "need",
      "hungri",
      "mean",
      "would",
      "pm"
    ],
    "probabilities": [
      0.025582948699593544,
      0.019841333851218224,
      0.01972532644867897,
      0.01746472157537937,
      0.015376145020127296,
      0.014768073335289955,
      0.014399521052837372,
      0.014154443517327309,
      0.014080241322517395,
      0.013072686269879341,
      0.01289010513573885,
      0.012847608886659145,
      0.012410437688231468,
      0.011944401077926159,
      0.011595681309700012,
      0.01143322791904211,
      0.011267352849245071,
      0.010907292366027832,
      0.010804778896272182,
      0.01025404129177332
    ]
  },
  "topic_4": {
    "words": [
      "back",
      "way",
      "get",
      "want",
      "also",
      "realli",
      "im",
      "place",
      "wont",
      "feel",
      "around",
      "late",
      "morn",
      "soon",
      "pay",
      "guy",
      "wish",
      "leav",
      "wonder",
      "text"
    ],
    "probabilities": [
      0.03633112832903862,
      0.026296764612197876,
      0.02604920230805874,
      0.02571266144514084,
      0.025424426421523094,
      0.01994539424777031,
      0.01957818679511547,
      0.01868223212659359,
      0.017797550186514854,
      0.017727114260196686,
      0.01594216376543045,
      0.01568564772605896,
      0.015210374258458614,
      0.015083941631019115,
      0.014659936539828777,
      0.013603955507278442,
      0.012744486331939697,
      0.012492218054831028,
      0.011976849287748337,
      0.011463156901299953
    ]
  },
  "topic_5": {
    "words": [
      "know",
      "ltgt",
      "lor",
      "new",
      "check",
      "messag",
      "finish",
      "year",
      "let",
      "noth",
      "reach",
      "first",
      "wait",
      "free",
      "min",
      "give",
      "yup",
      "drive",
      "use",
      "time"
    ],
    "probabilities": [
      0.041611168533563614,
      0.03957202658057213,
      0.024863043799996376,
      0.02388756163418293,
      0.022595370188355446,
      0.019818555563688278,
      0.019228758290410042,
      0.018384303897619247,
      0.016544047743082047,
      0.016249880194664,
      0.015896957367658615,
      0.015601730905473232,
      0.015104171819984913,
      0.014110633172094822,
      0.014009742066264153,
      0.013745689764618874,
      0.013536808080971241,
      0.013244346715509892,
      0.01313824113458395,
      0.012662339955568314
    ]
  },
  "topic_6": {
    "words": [
      "ok",
      "go",
      "call",
      "come",
      "im",
      "ill",
      "dont",
      "get",
      "still",
      "sorri",
      "good",
      "time",
      "dear",
      "hi",
      "think",
      "later",
      "see",
      "got",
      "today",
      "home"
    ],
    "probabilities": [
      0.06881820410490036,
      0.04373281076550484,
      0.041663385927677155,
      0.038117870688438416,
      0.02941807731986046,
      0.02712850458920002,
      0.024722034111618996,
      0.023709477856755257,
      0.02310344949364662,
      0.02231508307158947,
      0.02210840955376625,
      0.02073640748858452,
      0.01976381056010723,
      0.017528105527162552,
      0.017511941492557526,
      0.017251253128051758,
      0.017224367707967758,
      0.01685606874525547,
      0.016815969720482826,
      0.016713880002498627
    ]
  },
  "topic_7": {
    "words": [
      "great",
      "class",
      "fine",
      "done",
      "went",
      "well",
      "pa",
      "next",
      "day",
      "gud",
      "week",
      "ya",
      "what",
      "hey",
      "download",
      "stand",
      "run",
      "yet",
      "im",
      "love"
    ],
    "probabilities": [
      0.04195860028266907,
      0.02951987273991108,
      0.029105687513947487,
      0.028629064559936523,
      0.02759840339422226,
      0.025667140260338783,
      0.025230400264263153,
      0.02439463511109352,
      0.02342458814382553,
      0.022413410246372223,
      0.021222488954663277,
      0.018872661516070366,
      0.015684258192777634,
      0.015235241502523422,
      0.01415723655372858,
      0.013626247644424438,
      0.01205790787935257,
      0.011993207968771458,
      0.011170374229550362,
      0.010918096639215946
    ]
  },
  "topic_8": {
    "words": [
      "watch",
      "start",
      "room",
      "your",
      "sure",
      "tv",
      "dude",
      "nope",
      "point",
      "yep",
      "da",
      "vl",
      "like",
      "got",
      "work",
      "press",
      "guy",
      "hour",
      "talk",
      "meet"
    ],