{
  "K": 5,
  "alpha": 0.1,
  "beta": 0.5,
  "prior_scale": 0.1,
  "method": "svi",
  "val_accuracy": 0.38213003589948147,
  "val_auc": 0.4877127612906056
}