{
  "K": 10,
  "alpha": 1.0,
  "beta": 0.5,
  "prior_scale": 1.0,
  "method": "svi",
  "val_accuracy": 0.21858795372955725,
  "val_auc": 0.5312047608080542
}