{
  "topic_0": {
    "words": [
      "ok",
      "im",
      "call",
      "go",
      "get",
      "come",
      "ill",
      "got",
      "want",
      "good",
      "like",
      "dont",
      "ltgt",
      "know",
      "time",
      "home",
      "ur",
      "love",
      "day",
      "sorri"
    ],
    "probabilities": [
      0.020423520356416702,
      0.019682783633470535,
      0.019149553030729294,
      0.017646007239818573,
      0.015085234306752682,
      0.014537145383656025,
      0.010383598506450653,
      0.00981653667986393,
      0.009714276529848576,
      0.009594269096851349,
      0.009439314715564251,
      0.009402352385222912,
      0.009254707023501396,
      0.00906231626868248,
      0.009025302715599537,
      0.00793320219963789,
      0.007893471978604794,
      0.007457501254975796,
      0.007392558269202709,
      0.007349954452365637
    ]
  },
  "topic_1": {
    "words": [
      "txt",
      "claim",
      "cash",
      "call",
      "prize",
      "contact",
      "urgent",
      "may",
      "collect",
      "cost",
      "mobil",
      "award",
      "free",
      "win",
      "receiv",
      "speak",
      "end",
      "haf",
      "ur",
      "nd"
    ],
    "probabilities": [
      0.016030866652727127,
      0.014744389802217484,
      0.01272653043270111,
      0.011842812411487103,
      0.011806147173047066,
      0.010627471841871738,
      0.01043816190212965,
      0.00986078754067421,
      0.009344619698822498,
      0.0092155821621418,
      0.009157693013548851,
      0.00913250632584095,
      0.009119302965700626,
      0.008844692260026932,
      0.008681164123117924,
      0.008391490206122398,
      0.008213547058403492,
      0.00799752026796341,
      0.007551009766757488,
      0.007313711103051901
    ]
  },
  "topic_2": {
    "words": [
      "long",
      "special",
      "wan",
      "bit",
      "real",
      "haha",
      "eat",
      "there",
      "dunno",
      "di",
      "left",
      "surf",
      "thk",
      "full",
      "nope",
      "pa",
      "liao",
      "school",
      "pub",
      "play"
    ],
    "probabilities": [
      0.0168642345815897,
      0.01414540410041809,
      0.014088592492043972,
      0.012883692048490047,
      0.012846085242927074,
      0.012499419040977955,
      0.011814256198704243,
      0.011593678034842014,
      0.011494659818708897,
      0.01128695160150528,
      0.010971189476549625,
      0.010928040370345116,
      0.010819285176694393,
      0.010619593784213066,
      0.010196350514888763,
      0.010114122182130814,
      0.00958515889942646,
      0.009511768817901611,
      0.009211797267198563,
      0.009171443991363049
    ]
  },
  "topic_3": {
    "words": [
      "aight",
      "ju",
      "bring",
      "thought",
      "question",
      "actual",
      "dad",
      "mind",
      "said",
      "dude",
      "lar",
      "lei",
      "food",
      "man",
      "yo",
      "mayb",
      "bed",
      "worri",
      "alright",
      "id"
    ],
    "probabilities": [
      0.0157114639878273,
      0.015588539652526379,
      0.01485714316368103,
      0.014798921532928944,
      0.013166716322302818,
      0.013077490963041782,
      0.012811961583793163,
      0.012590115889906883,
      0.012463081628084183,
      0.01198698952794075,
      0.011823306791484356,
      0.011790660209953785,
      0.011204618029296398,
      0.011136557906866074,
      0.010850094258785248,
      0.010672638192772865,
      0.01059542316943407,
      0.010533066466450691,
      0.010393665172159672,
      0.010388977825641632
    ]
  },
  "topic_4": {
    "words": [
      "show",
      "check",
      "wish",
      "account",
      "okay",
      "town",
      "pm",
      "fun",
      "best",
      "pain",
      "sm",
      "two",
      "alway",
      "gud",
      "anytim",
      "brother",
      "hold",
      "alon",
      "exam",
      "better"
    ],
    "probabilities": [
      0.014511099085211754,
      0.013185698539018631,
      0.012891428545117378,
      0.011647515930235386,
      0.011133372783660889,
      0.011097272858023643,
      0.010734607465565205,
      0.010381344705820084,
      0.010300644673407078,
      0.00953988078981638,
      0.009431260637938976,
      0.009037907235324383,
      0.008850361220538616,
      0.00863264687359333,
      0.008491664193570614,
      0.008362090215086937,
      0.008313348516821861,
      0.0082776490598917,
      0.008276570588350296,
      0.008274038322269917
    ]
  }
}