{
  "K": 15,
  "alpha": 1.0,
  "beta": 0.1,
  "prior_scale": 0.1,
  "method": "svi",
  "val_accuracy": 0.5017949740725968,
  "val_auc": 0.48407580443508585
}