{
  "K": 10,
  "alpha": 0.1,
  "beta": 0.1,
  "prior_scale": 1.0,
  "method": "svi",
  "val_accuracy": 0.5105704028719585,
  "val_auc": 0.41548976223377426
}