{
  "topic_0": {
    "words": [
      "ok",
      "call",
      "come",
      "ltgt",
      "go",
      "oki",
      "good",
      "im",
      "pick",
      "got",
      "want",
      "check",
      "sent",
      "take",
      "show",
      "noth",
      "know",
      "today",
      "player",
      "dont"
    ],
    "probabilities": [
      0.038701873272657394,
      0.022686855867505074,
      0.014109009876847267,
      0.010247394442558289,
      0.009921932592988014,
      0.009817595593631268,
      0.009454252198338509,
      0.009243827313184738,
      0.008411870338022709,
      0.008318750187754631,
      0.007994214072823524,
      0.007923485711216927,
      0.006887767929583788,
      0.0067932093515992165,
      0.00662067998200655,
      0.006572376005351543,
      0.006357025820761919,
      0.00586649589240551,
      0.005583174526691437,
      0.005573186557739973
    ]
  },
  "topic_1": {
    "words": [
      "ltgt",
      "get",
      "bu",
      "hungri",
      "shall",
      "test",
      "like",
      "stand",
      "funni",
      "drug",
      "aight",
      "id",
      "away",
      "head",
      "big",
      "stop",
      "yesterday",
      "came",
      "open",
      "go"
    ],
    "probabilities": [
      0.023258930072188377,
      0.019793197512626648,
      0.015900414437055588,
      0.014608166180551052,
      0.011591566726565361,
      0.011125263758003712,
      0.01069579180330038,
      0.010539060458540916,
      0.010437375865876675,
      0.010280025191605091,
      0.010203664191067219,
      0.01014175359159708,
      0.010068596340715885,
      0.009861999191343784,
      0.00981624610722065,
      0.009762289933860302,
      0.009638006798923016,
      0.009425550699234009,
      0.009409910067915916,
      0.008974589407444
    ]
  },
  "topic_2": {
    "words": [
      "mobil",
      "call",
      "free",
      "remain",
      "train",
      "month",
      "award",
      "amt",
      "pleas",
      "collect",
      "custom",
      "nokia",
      "box",
      "peopl",
      "phone",
      "compani",
      "system",
      "ppm",
      "camera",
      "food"
    ],
    "probabilities": [
      0.028994470834732056,
      0.02675022929906845,
      0.02195579931139946,
      0.018896643072366714,
      0.015892960131168365,
      0.015887392684817314,
      0.015488283708691597,
      0.015399442985653877,
      0.015021750703454018,
      0.014116023667156696,
      0.013925421983003616,
      0.013733932748436928,
      0.012823286466300488,
      0.01244093757122755,
      0.012140476144850254,
      0.012010904960334301,
      0.01172409113496542,
      0.011592796072363853,
      0.011499001644551754,
      0.01125430129468441
    ]
  },
  "topic_3": {
    "words": [
      "cost",
      "claim",
      "ur",
      "text",
      "contact",
      "call",
      "tri",
      "receiv",
      "prize",
      "txt",
      "cash",
      "week",
      "free",
      "nd",
      "select",
      "ring",
      "stop",
      "tone",
      "st",
      "pmin"
    ],
    "probabilities": [
      0.021864622831344604,
      0.01871267706155777,
      0.017344871535897255,
      0.01682893931865692,
      0.016148393973708153,
      0.01608964242041111,
      0.01591336540877819,
      0.015738727524876595,
      0.01566116139292717,
      0.015428820624947548,
      0.014445326291024685,
      0.014439651742577553,
      0.013820228166878223,
      0.013788781128823757,
      0.012586355209350586,
      0.012098672799766064,
      0.011734593659639359,
      0.011566407978534698,
      0.011166734620928764,
      0.011059165932238102
    ]
  },
  "topic_4": {
    "words": [
      "wat",
      "go",
      "im",
      "da",
      "got",
      "dunno",
      "done",
      "person",
      "offic",
      "dad",
      "nite",
      "disturb",
      "juz",
      "fuck",
      "dun",
      "abt",
      "sat",
      "colleg",
      "lor",
      "readi"
    ],
    "probabilities": [
      0.019028274342417717,
      0.01536858081817627,
      0.013895723037421703,
      0.013373320922255516,
      0.012344666756689548,
      0.012277211993932724,
      0.011160546913743019,
      0.010788117535412312,
      0.010775490663945675,
      0.010599586181342602,
      0.01059205923229456,
      0.00970452930778265,
      0.009584285318851471,
      0.009495571255683899,
      0.009365729987621307,
      0.009287618100643158,
      0.009153276681900024,
      0.009059648960828781,
      0.009042950347065926,
      0.008897388353943825
    ]
  },
  "topic_5": {
    "words": [
      "love",
      "babe",
      "miss",
      "im",
      "fine",
      "drive",
      "rememb",
      "surf",
      "next",
      "feel",
      "happen",
      "good",
      "babi",
      "yo",
      "day",
      "hope",
      "nope",
      "hous",
      "wine",
      "fun"
    ],
    "probabilities": [
      0.026736604049801826,
      0.018901914358139038,
      0.017573319375514984,
      0.016865652054548264,
      0.01607607677578926,
      0.01426240336149931,
      0.014048767276108265,
      0.014010647311806679,
      0.013999668881297112,
      0.013618837110698223,
      0.013264736160635948,
      0.01288490742444992,
      0.011588402092456818,
      0.011580527760088444,
      0.010573673993349075,
      0.010486947372555733,
      0.010336421430110931,
      0.010308930650353432,
      0.010251973755657673,
      0.010212237015366554
    ]
  },
  "topic_6": {
    "words": [
      "messag",
      "watch",
      "pleas",
      "ltgt",
      "send",
      "how",
      "room",
      "leav",
      "hello",
      "wait",
      "call",
      "prob",
      "wot",
      "im",
      "mean",
      "alway",
      "mind",
      "ard",
      "tv",
      "question"
    ],
    "probabilities": [
      0.022976310923695564,
      0.021261392161250114,
      0.017231104895472527,
      0.015583675354719162,
      0.0147028723731637,
      0.014634639956057072,
      0.013423170894384384,
      0.013021424412727356,
      0.012084217742085457,
      0.012021915055811405,
      0.01157168298959732,
      0.011306583881378174,
      0.011040092445909977,
      0.010966271162033081,
      0.010590213350951672,
      0.009996755979955196,
      0.009990546852350235,
      0.00986646767705679,
      0.009824708104133606,
      0.0097705889493227
    ]
  },
  "topic_7": {
    "words": [
      "today",
      "pl",
      "thanx",
      "care",
      "wish",
      "meet",
      "ju",
      "someth",
      "day",
      "take",
      "nice",
      "man",
      "birthday",
      "part",
      "your",
      "convey",
      "ok",
      "place",
      "walk",
      "heart"
    ],
    "probabilities": [
      0.04599951207637787,
      0.030110716819763184,
      0.026345033198595047,
      0.02462361939251423,
      0.020200591534376144,
      0.020093627274036407,
      0.01818029396235943,
      0.014134155586361885,
      0.013012484647333622,
      0.012914493680000305,
      0.012882845476269722,
      0.012624084949493408,
      0.01261105202138424,
      0.012169844470918179,
      0.012104591354727745,
      0.011543135158717632,
      0.011241734027862549,
      0.01069425605237484,
      0.010316211730241776,
      0.009925578720867634
    ]
  },
  "topic_8": {
    "words": [
      "make",
      "need",
      "great",
      "use",
      "ye",
      "thing",
      "one",
      "want",
      "talk",
      "sure",
      "im",
      "friend",
      "stuff",
      "sound",
      "chang",
      "even",
      "time",
      "think",
      "live",
      "week"
    ],