{
  "K": 5,
  "alpha": 0.5,
  "beta": 0.5,
  "prior_scale": 0.1,
  "method": "svi",
  "val_accuracy": 0.6505783805345033,
  "val_auc": 0.48907130793358344
}