{
  "K": 15,
  "alpha": 1.0,
  "beta": 0.01,
  "prior_scale": 0.1,
  "method": "svi",
  "val_accuracy": 0.5752741774675972,
  "val_auc": 0.4961570169864143
}