{
  "K": 5,
  "alpha": 0.1,
  "beta": 0.01,
  "prior_scale": 1.0,
  "method": "mcmc",
  "val_accuracy": 0.8664007976071785,
  "val_auc": 0.7473120588083745
}