{
  "K": 5,
  "alpha": 0.1,
  "beta": 0.01,
  "prior_scale": 1.0,
  "method": "svi",
  "val_accuracy": 0.5959313921021141,
  "val_auc": 0.6081826731153078
}