{
  "K": 15,
  "alpha": 1.0,
  "beta": 0.1,
  "prior_scale": 1.0,
  "method": "svi",
  "val_accuracy": 0.29597128041483844,
  "val_auc": 0.4585636419468755
}