{
  "K": 10,
  "alpha": 0.1,
  "beta": 0.01,
  "prior_scale": 0.1,
  "method": "svi",
  "val_accuracy": 0.6141575274177468,
  "val_auc": 0.4671564502000927
}