{
  "topic_0": {
    "words": [
      "ok",
      "oki",
      "check",
      "im",
      "ill",
      "ltgt",
      "get",
      "call",
      "yeah",
      "come",
      "amt",
      "stand",
      "saw",
      "need",
      "good",
      "sir",
      "see",
      "aight",
      "tampa",
      "pub"
    ],
    "probabilities": [
      0.047642577439546585,
      0.014939826913177967,
      0.010788357816636562,
      0.00964341126382351,
      0.009265284053981304,
      0.008584212511777878,
      0.008344451896846294,
      0.008204313926398754,
      0.00792575441300869,
      0.00781176658347249,
      0.007778700441122055,
      0.007620942313224077,
      0.007400205358862877,
      0.007386466953903437,
      0.007296354975551367,
      0.007262036669999361,
      0.007244262844324112,
      0.006958585698157549,
      0.0068531334400177,
      0.006779095623642206
    ]
  },
  "topic_1": {
    "words": [
      "servic",
      "send",
      "phone",
      "dont",
      "dad",
      "walk",
      "train",
      "give",
      "email",
      "custom",
      "hand",
      "two",
      "cool",
      "import",
      "fun",
      "open",
      "pound",
      "gd",
      "knw",
      "order"
    ],
    "probabilities": [
      0.018666520714759827,
      0.01865522563457489,
      0.018105683848261833,
      0.017815086990594864,
      0.016932977363467216,
      0.016380999237298965,
      0.015394246205687523,
      0.015291566029191017,
      0.014267255552113056,
      0.013897737488150597,
      0.012570105493068695,
      0.012242947705090046,
      0.011898519471287727,
      0.011734492145478725,
      0.011344590224325657,
      0.011272592470049858,
      0.011265058070421219,
      0.01074693351984024,
      0.010447720997035503,
      0.01041435543447733
    ]
  },
  "topic_2": {
    "words": [
      "go",
      "wat",
      "come",
      "got",
      "lor",
      "dun",
      "get",
      "also",
      "da",
      "offic",
      "rememb",
      "haha",
      "lunch",
      "complet",
      "eat",
      "lar",
      "like",
      "watch",
      "enjoy",
      "disturb"
    ],
    "probabilities": [
      0.02238892950117588,
      0.018735047429800034,
      0.017012232914566994,
      0.01574699394404888,
      0.014525432139635086,
      0.013370952568948269,
      0.012837923131883144,
      0.012571965344250202,
      0.011829746887087822,
      0.011665813624858856,
      0.011543414555490017,
      0.01125966478139162,
      0.011191523633897305,
      0.010889537632465363,
      0.010868607088923454,
      0.010811025276780128,
      0.010513689368963242,
      0.01046049315482378,
      0.010424958541989326,
      0.009793044067919254
    ]
  },
  "topic_3": {
    "words": [
      "surf",
      "song",
      "remain",
      "heart",
      "wine",
      "wot",
      "wish",
      "anytim",
      "download",
      "birthday",
      "lei",
      "avail",
      "nite",
      "sweet",
      "normal",
      "convey",
      "snow",
      "sinc",
      "yesterday",
      "dnt"
    ],
    "probabilities": [
      0.023586830124258995,
      0.019063439220190048,
      0.018678907305002213,
      0.018619030714035034,
      0.01811310276389122,
      0.017021192237734795,
      0.016045931726694107,
      0.01567707024514675,
      0.01504806149750948,
      0.014611254446208477,
      0.014401409775018692,
      0.014394165948033333,
      0.014387019909918308,
      0.013978015631437302,
      0.013877139426767826,
      0.013743814080953598,
      0.013662591576576233,
      0.013573937118053436,
      0.013267816975712776,
      0.01300940103828907
    ]
  },
  "topic_4": {
    "words": [
      "guy",
      "go",
      "thanx",
      "ltgt",
      "tell",
      "need",
      "ju",
      "ive",
      "stuff",
      "get",
      "what",
      "lot",
      "finish",
      "know",
      "im",
      "doesnt",
      "question",
      "take",
      "ah",
      "yup"
    ],
    "probabilities": [
      0.016091620549559593,
      0.016006655991077423,
      0.015075141564011574,
      0.012901472859084606,
      0.012349077500402927,
      0.011677432805299759,
      0.01162570808082819,
      0.009877271950244904,
      0.009727999567985535,
      0.009550421498715878,
      0.009519712999463081,
      0.009316405281424522,
      0.009194492362439632,
      0.00915542896836996,
      0.008741701021790504,
      0.008616895414888859,
      0.008499575778841972,
      0.008175922557711601,
      0.008088464848697186,
      0.008072063326835632
    ]
  },
  "topic_5": {
    "words": [
      "player",
      "job",
      "tv",
      "start",
      "bring",
      "receiv",
      "hungri",
      "pa",
      "left",
      "prob",
      "chennai",
      "time",
      "watch",
      "stay",
      "select",
      "nope",
      "alway",
      "littl",
      "search",
      "knew"
    ],
    "probabilities": [
      0.024962572380900383,
      0.023535652086138725,
      0.019323311746120453,
      0.018468184396624565,
      0.018276816233992577,
      0.018015645444393158,
      0.017723796889185905,
      0.017303556203842163,
      0.017118627205491066,
      0.016891218721866608,
      0.016111040487885475,
      0.015316467732191086,
      0.015001079067587852,
      0.014909852296113968,
      0.014699037186801434,
      0.013692367821931839,
      0.013631156645715237,
      0.0134007902815938,
      0.011856394819915295,
      0.011542034335434437
    ]
  },
  "topic_6": {
    "words": [
      "free",
      "good",
      "go",
      "see",
      "call",
      "get",
      "repli",
      "im",
      "want",
      "well",
      "min",
      "day",
      "mobil",
      "love",
      "ur",
      "text",
      "babe",
      "stop",
      "hope",
      "week"
    ],
    "probabilities": [
      0.0346267968416214,
      0.02167261205613613,
      0.02161121927201748,
      0.020166797563433647,
      0.014506954699754715,
      0.01415629405528307,
      0.014085284434258938,
      0.013861415907740593,
      0.013822952285408974,
      0.013132520020008087,
      0.013073052279651165,
      0.01267157681286335,
      0.012472683563828468,
      0.011917471885681152,
      0.011842801235616207,
      0.011798475868999958,
      0.011326744221150875,
      0.011226081289350986,
      0.01079230010509491,
      0.010221005417406559
    ]
  },
  "topic_7": {
    "words": [
      "call",
      "how",
      "txt",
      "contact",
      "fine",
      "late",
      "claim",
      "ur",
      "prize",
      "urgent",
      "sent",
      "point",
      "weekend",
      "collect",
      "next",
      "award",
      "tri",
      "cash",
      "anoth",
      "per"
    ],
    "probabilities": [
      0.025090117007493973,
      0.018779568374156952,
      0.01802144944667816,
      0.017741907387971878,
      0.01573757641017437,
      0.015298117883503437,
      0.015262836590409279,
      0.01461853552609682,
      0.014125334098935127,
      0.014038929715752602,
      0.013846943154931068,
      0.01329917460680008,
      0.012833219021558762,
      0.01240079291164875,
      0.012370985932648182,
      0.011755898594856262,
      0.011693467386066914,
      0.011094126850366592,
      0.010844813659787178,
      0.010803569108247757
    ]
  },
  "topic_8": {
    "words": [
      "home",
      "come",
      "like",
      "night",
      "im",
      "want",
      "sleep",
      "thing",
      "went",
      "noth",
      "get",
      "yeah",
      "need",
      "dont",
      "told",
      "pleas",
      "us",
      "go",
      "meet",
      "wanna"
    ],