{
  "K": 10,
  "alpha": 1.0,
  "beta": 0.1,
  "prior_scale": 1.0,
  "method": "svi",
  "val_accuracy": 0.806580259222333,
  "val_auc": 0.5249643611631143
}