{
  "topic_0": {
    "words": [
      "call",
      "come",
      "go",
      "get",
      "im",
      "ltgt",
      "ok",
      "good",
      "know",
      "time",
      "ill",
      "like",
      "ur",
      "got",
      "want",
      "dont",
      "much",
      "love",
      "today",
      "home"
    ],
    "probabilities": [
      0.017511559650301933,
      0.014531437307596207,
      0.013432169333100319,
      0.01327095739543438,
      0.013121325522661209,
      0.009966649115085602,
      0.009812088683247566,
      0.008640454150736332,
      0.008272167295217514,
      0.008169187232851982,
      0.007816880010068417,
      0.007809611037373543,
      0.007630997337400913,
      0.007529332768172026,
      0.007486284244805574,
      0.007461561355739832,
      0.007458313833922148,
      0.007246536668390036,
      0.007043949328362942,
      0.006994604133069515
    ]
  },
  "topic_1": {
    "words": [
      "name",
      "offic",
      "remain",
      "need",
      "post",
      "true",
      "yesterday",
      "test",
      "birthday",
      "convey",
      "miss",
      "smile",
      "stand",
      "bed",
      "join",
      "oredi",
      "feel",
      "boytoy",
      "person",
      "drug"
    ],
    "probabilities": [
      0.016562126576900482,
      0.01538811158388853,
      0.01461763121187687,
      0.013973541557788849,
      0.013823529705405235,
      0.013320956379175186,
      0.013240713626146317,
      0.01302281767129898,
      0.012728018686175346,
      0.012409626506268978,
      0.012387355789542198,
      0.012357527390122414,
      0.012183221988379955,
      0.011340308003127575,
      0.011128907091915607,
      0.011114506982266903,
      0.01110226009041071,
      0.011063302867114544,
      0.010912943631410599,
      0.01081886887550354
    ]
  },
  "topic_2": {
    "words": [
      "call",
      "get",
      "free",
      "still",
      "hour",
      "said",
      "im",
      "got",
      "home",
      "custom",
      "half",
      "number",
      "ill",
      "mobil",
      "pleas",
      "new",
      "babe",
      "select",
      "award",
      "thk"
    ],
    "probabilities": [
      0.02030337229371071,
      0.01744454726576805,
      0.014904155395925045,
      0.012834392488002777,
      0.012088608928024769,
      0.01151262130588293,
      0.011163255199790001,
      0.01113881729543209,
      0.010989679954946041,
      0.01063436921685934,
      0.01028447225689888,
      0.01016228087246418,
      0.009911485016345978,
      0.009673524647951126,
      0.009603481739759445,
      0.009442527778446674,
      0.008909212425351143,
      0.008803964592516422,
      0.008732589893043041,
      0.00858078058809042
    ]
  },
  "topic_3": {
    "words": [
      "ok",
      "im",
      "call",
      "go",
      "want",
      "make",
      "know",
      "think",
      "claim",
      "get",
      "time",
      "tri",
      "ur",
      "prize",
      "dont",
      "still",
      "that",
      "lar",
      "buy",
      "contact"
    ],
    "probabilities": [
      0.0671333596110344,
      0.027805401012301445,
      0.02105635590851307,
      0.013450372032821178,
      0.0122982831671834,
      0.011946375481784344,
      0.011797898449003696,
      0.011069457978010178,
      0.0109664686024189,
      0.009829687885940075,
      0.009744146838784218,
      0.009430517442524433,
      0.009292026050388813,
      0.009247797541320324,
      0.009235621429979801,
      0.008572789840400219,
      0.00852794386446476,
      0.008043656125664711,
      0.007956896908581257,
      0.007346663158386946
    ]
  },
  "topic_4": {
    "words": [
      "see",
      "lor",
      "oki",
      "watch",
      "go",
      "nice",
      "song",
      "also",
      "dat",
      "want",
      "ard",
      "walk",
      "weekend",
      "thanx",
      "ask",
      "great",
      "shop",
      "snow",
      "ur",
      "guess"
    ],
    "probabilities": [
      0.02567664161324501,
      0.02415981888771057,
      0.02398955449461937,
      0.017821650952100754,
      0.016191665083169937,
      0.01540873572230339,
      0.014924213290214539,
      0.012201996520161629,
      0.012067001312971115,
      0.010586674325168133,
      0.010232940316200256,
      0.009485910646617413,
      0.009468995034694672,
      0.009130232036113739,
      0.008918168023228645,
      0.008881798945367336,
      0.008726038038730621,
      0.008567714132368565,
      0.008544703014194965,
      0.00845218077301979
    ]
  },
  "topic_5": {
    "words": [
      "hold",
      "movi",
      "pain",
      "nope",
      "amt",
      "download",
      "anytim",
      "hr",
      "els",
      "sinc",
      "drink",
      "juz",
      "system",
      "stuff",
      "possibl",
      "run",
      "tire",
      "cal",
      "die",
      "best"
    ],
    "probabilities": [
      0.04715289920568466,
      0.046441540122032166,
      0.04497157782316208,
      0.04464762285351753,
      0.043415721505880356,
      0.04255729168653488,
      0.04120329022407532,
      0.039074502885341644,
      0.03843609243631363,
      0.03751068934798241,
      0.03568533807992935,
      0.02983279526233673,
      0.029460472986102104,
      0.029220102354884148,
      0.02838924154639244,
      0.022953063249588013,
      0.020065441727638245,
      0.018587416037917137,
      0.014538705348968506,
      0.01402303297072649
    ]
  },
  "topic_6": {
    "words": [
      "school",
      "sat",
      "wana",
      "import",
      "hungri",
      "pm",
      "actual",
      "exam",
      "okay",
      "shit",
      "wine",
      "worri",
      "servic",
      "weather",
      "custom",
      "plu",
      "train",
      "beer",
      "offer",
      "ah"
    ],
    "probabilities": [
      0.12818364799022675,
      0.08210010081529617,
      0.08181951195001602,
      0.0799250528216362,
      0.06902210414409637,
      0.05483835190534592,
      0.036271847784519196,
      0.0356292687356472,
      0.02763073891401291,
      0.020729415118694305,
      0.01745608262717724,
      0.011307385750114918,
      0.009518664330244064,
      0.009364799596369267,
      0.009331900626420975,
      0.009229209274053574,
      0.009202581830322742,
      0.0074799880385398865,
      0.006644457578659058,
      0.006397242192178965
    ]
  },
  "topic_7": {
    "words": [
      "awesom",
      "dude",
      "part",
      "ah",
      "wine",
      "train",
      "abt",
      "saw",
      "real",
      "fun",
      "bu",
      "man",
      "draw",
      "never",
      "okay",
      "show",
      "statement",
      "lei",
      "came",
      "tht"
    ],
    "probabilities": [
      0.025258861482143402,
      0.025099478662014008,
      0.023996945470571518,
      0.023739133030176163,
      0.023628197610378265,
      0.022882988676428795,
      0.022750262171030045,
      0.021756352856755257,
      0.021081626415252686,
      0.020277440547943115,
      0.01945975050330162,
      0.01940138451755047,
      0.018781093880534172,
      0.0185836311429739,
      0.01724069006741047,
      0.016314294189214706,
      0.015517749823629856,
      0.015253518708050251,
      0.015244643203914165,
      0.015027142129838467
    ]
  },
  "topic_8": {
    "words": [
      "awesom",
      "dude",
      "ah",
      "part",
      "train",
      "abt",
      "wine",
      "saw",
      "real",
      "fun",
      "bu",
      "man",
      "tho",
      "never",
      "draw",
      "okay",
      "show",
      "confirm",
      "lei",
      "statement"
    ],