{
  "K": 5,
  "alpha": 0.1,
  "beta": 0.5,
  "prior_scale": 0.1,
  "method": "svi",
  "val_accuracy": 0.3988035892323031,
  "val_auc": 0.4920907545128214
}