{
  "topic_0": {
    "words": [
      "get",
      "hour",
      "want",
      "best",
      "actual",
      "town",
      "text",
      "call",
      "tri",
      "place",
      "min",
      "xxx",
      "im",
      "question",
      "take",
      "man",
      "worri",
      "half",
      "keep",
      "two"
    ],
    "probabilities": [
      0.015178706496953964,
      0.013132800348103046,
      0.0124429352581501,
      0.012228144332766533,
      0.011176139116287231,
      0.010364840738475323,
      0.01035621203482151,
      0.009871436282992363,
      0.009729173965752125,
      0.009604822844266891,
      0.009550707414746284,
      0.009490243159234524,
      0.009420279413461685,
      0.009413554333150387,
      0.009282952174544334,
      0.008947867900133133,
      0.008883223868906498,
      0.008824299089610577,
      0.008655802346765995,
      0.008351373486220837
    ]
  },
  "topic_1": {
    "words": [
      "go",
      "went",
      "lor",
      "show",
      "nite",
      "earli",
      "ju",
      "lunch",
      "wan",
      "pay",
      "open",
      "bit",
      "ur",
      "meet",
      "rock",
      "point",
      "eat",
      "ever",
      "today",
      "food"
    ],
    "probabilities": [
      0.018674148246645927,
      0.014887086115777493,
      0.01354276668280363,
      0.011168068274855614,
      0.010792028158903122,
      0.010499384254217148,
      0.010481031611561775,
      0.010472062975168228,
      0.010047372430562973,
      0.010024378076195717,
      0.009781356900930405,
      0.009702247567474842,
      0.009492232464253902,
      0.009108390659093857,
      0.009091805666685104,
      0.008960065431892872,
      0.008739987388253212,
      0.008686997927725315,
      0.00847653392702341,
      0.00846207607537508
    ]
  },
  "topic_2": {
    "words": [
      "drive",
      "oki",
      "feel",
      "gud",
      "person",
      "name",
      "thought",
      "ah",
      "wake",
      "okay",
      "offic",
      "heart",
      "dude",
      "thing",
      "dat",
      "true",
      "anyway",
      "player",
      "smile",
      "thk"
    ],
    "probabilities": [
      0.015573397278785706,
      0.014621703885495663,
      0.01457652635872364,
      0.013982096686959267,
      0.013948837295174599,
      0.013641812838613987,
      0.01267331000417471,
      0.01266106404364109,
      0.01055141445249319,
      0.010454823262989521,
      0.010398230515420437,
      0.010316734202206135,
      0.009929900988936424,
      0.009145332500338554,
      0.009123730473220348,
      0.00886418204754591,
      0.008853670209646225,
      0.008746718987822533,
      0.008530872873961926,
      0.008479682728648186
    ]
  },
  "topic_3": {
    "words": [
      "call",
      "free",
      "txt",
      "number",
      "ur",
      "mobil",
      "sir",
      "claim",
      "today",
      "text",
      "wait",
      "minut",
      "cash",
      "haha",
      "prize",
      "car",
      "week",
      "pleas",
      "phone",
      "win"
    ],
    "probabilities": [
      0.033918023109436035,
      0.030452266335487366,
      0.02185031771659851,
      0.019028780981898308,
      0.01683228090405464,
      0.01563136838376522,
      0.012782060541212559,
      0.0121584078297019,
      0.011908967047929764,
      0.011471458710730076,
      0.011143762618303299,
      0.010765744373202324,
      0.010742313228547573,
      0.010633510537445545,
      0.010324853472411633,
      0.010236572474241257,
      0.010198303498327732,
      0.009793484583497047,
      0.009701362811028957,
      0.009623964317142963
    ]
  },
  "topic_4": {
    "words": [
      "love",
      "well",
      "stop",
      "babe",
      "class",
      "good",
      "ltgt",
      "princess",
      "next",
      "hi",
      "hey",
      "send",
      "start",
      "amp",
      "friend",
      "day",
      "go",
      "month",
      "need",
      "may"
    ],
    "probabilities": [
      0.03393181413412094,
      0.030012551695108414,
      0.01955045573413372,
      0.01811283454298973,
      0.015275652520358562,
      0.014399095438420773,
      0.014203817583620548,
      0.01373750064522028,
      0.012457136996090412,
      0.012436585500836372,
      0.012199039570987225,
      0.012146431021392345,
      0.01195779163390398,
      0.011058395728468895,
      0.010854911059141159,
      0.01076722051948309,
      0.009654810652136803,
      0.009570996277034283,
      0.009443037211894989,
      0.009339740499854088
    ]
  },
  "topic_5": {
    "words": [
      "tomorrow",
      "great",
      "look",
      "ya",
      "problem",
      "noth",
      "day",
      "would",
      "bu",
      "dinner",
      "come",
      "abt",
      "hous",
      "aight",
      "train",
      "ltgt",
      "wish",
      "fuck",
      "fun",
      "make"
    ],
    "probabilities": [
      0.03605011850595474,
      0.02586989477276802,
      0.024208087474107742,
      0.02341087907552719,
      0.02238554321229458,
      0.022316040471196175,
      0.02094435878098011,
      0.020859329029917717,
      0.01984706148505211,
      0.01916545256972313,
      0.019129855558276176,
      0.01830364391207695,
      0.016992520540952682,
      0.016587398946285248,
      0.01590382307767868,
      0.015707645565271378,
      0.014613145962357521,
      0.014347885735332966,
      0.013829654082655907,
      0.01341654546558857
    ]
  },
  "topic_6": {
    "words": [
      "much",
      "one",
      "good",
      "check",
      "dear",
      "go",
      "take",
      "also",
      "watch",
      "done",
      "late",
      "lol",
      "say",
      "sleep",
      "make",
      "rememb",
      "lot",
      "get",
      "night",
      "probabl"
    ],
    "probabilities": [
      0.03372916951775551,
      0.026981212198734283,
      0.020852642133831978,
      0.020590953528881073,
      0.019786203280091286,
      0.019521048292517662,
      0.01762494631111622,
      0.017543872818350792,
      0.01634390279650688,
      0.015946626663208008,
      0.015798568725585938,
      0.01523663941770792,
      0.014705225825309753,
      0.01453256793320179,
      0.01357356458902359,
      0.01334196887910366,
      0.012933830730617046,
      0.012635177001357079,
      0.012415391393005848,
      0.012243473902344704
    ]
  },
  "topic_7": {
    "words": [
      "ok",
      "call",
      "im",
      "come",
      "wat",
      "work",
      "ill",
      "still",
      "home",
      "that",
      "happi",
      "go",
      "lor",
      "leav",
      "pleas",
      "cool",
      "pick",
      "room",
      "miss",
      "thanx"
    ],
    "probabilities": [
      0.07352209836244583,
      0.033789221197366714,
      0.027161289006471634,
      0.024883123114705086,
      0.02335336059331894,
      0.02065049111843109,
      0.01938101276755333,
      0.01936423033475876,
      0.01887522265315056,
      0.018854545429348946,
      0.018463417887687683,
      0.017406508326530457,
      0.015125351957976818,
      0.014251390472054482,
      0.014032348990440369,
      0.014011983759701252,
      0.013623649254441261,
      0.01336960680782795,
      0.013333948329091072,
      0.013297082856297493
    ]
  },
  "topic_8": {
    "words": [
      "way",
      "time",
      "anyth",
      "talk",
      "like",
      "someth",
      "tell",
      "ye",
      "around",
      "im",
      "sorri",
      "ok",
      "call",
      "ill",
      "told",
      "got",
      "oh",
      "come",
      "get",
      "home"
    ],