{
  "topic_0": {
    "words": [
      "ok",
      "call",
      "im",
      "go",
      "come",
      "get",
      "ill",
      "ltgt",
      "want",
      "dont",
      "home",
      "one",
      "much",
      "day",
      "time",
      "dear",
      "got",
      "sorri",
      "see",
      "today"
    ],
    "probabilities": [
      0.027330102398991585,
      0.019577572122216225,
      0.01944507472217083,
      0.016806453466415405,
      0.01640734076499939,
      0.011814727447926998,
      0.010440037585794926,
      0.010167879983782768,
      0.00954823661595583,
      0.008398675359785557,
      0.008077000267803669,
      0.00752383703365922,
      0.007482409942895174,
      0.007401080336421728,
      0.007338881026953459,
      0.0073196799494326115,
      0.007297435309737921,
      0.007297181058675051,
      0.007046692539006472,
      0.00682966411113739
    ]
  },
  "topic_1": {
    "words": [
      "dont",
      "wish",
      "happi",
      "yo",
      "day",
      "nite",
      "pa",
      "keep",
      "like",
      "full",
      "month",
      "di",
      "worri",
      "see",
      "hey",
      "smile",
      "hear",
      "yesterday",
      "birthday",
      "alright"
    ],
    "probabilities": [
      0.0142162274569273,
      0.013571478426456451,
      0.013505260460078716,
      0.01304225716739893,
      0.011712421663105488,
      0.011611972004175186,
      0.011232312768697739,
      0.010441871359944344,
      0.009720630012452602,
      0.0095372274518013,
      0.009436647407710552,
      0.009139027446508408,
      0.009109068661928177,
      0.009088698774576187,
      0.008931852877140045,
      0.008931771852076054,
      0.008569975383579731,
      0.008517490699887276,
      0.00845177099108696,
      0.00842343084514141
    ]
  },
  "topic_2": {
    "words": [
      "call",
      "free",
      "txt",
      "mobil",
      "claim",
      "ur",
      "text",
      "win",
      "prize",
      "cash",
      "custom",
      "collect",
      "contact",
      "nokia",
      "award",
      "tone",
      "repli",
      "urgent",
      "servic",
      "chanc"
    ],
    "probabilities": [
      0.03219518065452576,
      0.024434499442577362,
      0.022999929264187813,
      0.020368682220578194,
      0.01784711517393589,
      0.017223965376615524,
      0.014281017705798149,
      0.013545142486691475,
      0.013379930518567562,
      0.01266954094171524,
      0.01169690303504467,
      0.011318057775497437,
      0.01096031442284584,
      0.010876269079744816,
      0.010796337388455868,
      0.010616694577038288,
      0.010258367285132408,
      0.010143994353711605,
      0.009620710276067257,
      0.00924913864582777
    ]
  },
  "topic_3": {
    "words": [
      "wanna",
      "ah",
      "chat",
      "offic",
      "hous",
      "guess",
      "town",
      "stay",
      "mayb",
      "there",
      "oh",
      "import",
      "da",
      "walk",
      "hold",
      "enough",
      "alon",
      "thought",
      "park",
      "last"
    ],
    "probabilities": [
      0.01837668940424919,
      0.01811799593269825,
      0.017696158960461617,
      0.016611222177743912,
      0.016354985535144806,
      0.016258932650089264,
      0.015280398540198803,
      0.015117727220058441,
      0.01465777587145567,
      0.013457363471388817,
      0.012564441189169884,
      0.012285404838621616,
      0.011565878987312317,
      0.01148392353206873,
      0.011470210738480091,
      0.01140640303492546,
      0.011374552734196186,
      0.011101621203124523,
      0.010943214409053326,
      0.010411347262561321
    ]
  },
  "topic_4": {
    "words": [
      "lor",
      "watch",
      "havent",
      "ju",
      "go",
      "actual",
      "rememb",
      "got",
      "gud",
      "alway",
      "wan",
      "haf",
      "dunno",
      "dat",
      "lei",
      "eat",
      "dun",
      "home",
      "head",
      "tv"
    ],
    "probabilities": [
      0.022628890350461006,
      0.014385197311639786,
      0.01427404023706913,
      0.013166636228561401,
      0.012553439475595951,
      0.011935438960790634,
      0.011883656494319439,
      0.011848566122353077,
      0.011714857071638107,
      0.011628648266196251,
      0.011434851214289665,
      0.01109134592115879,
      0.010949921794235706,
      0.010662940330803394,
      0.01063940953463316,
      0.010574240237474442,
      0.010470769368112087,
      0.010446123778820038,
      0.00975420605391264,
      0.009577645920217037
    ]
  },
  "topic_5": {
    "words": [
      "big",
      "someon",
      "true",
      "anoth",
      "speak",
      "question",
      "id",
      "prob",
      "doesnt",
      "avail",
      "disturb",
      "remain",
      "live",
      "email",
      "book",
      "okay",
      "snow",
      "date",
      "answer",
      "amt"
    ],
    "probabilities": [
      0.021348172798752785,
      0.021228209137916565,
      0.019755205139517784,
      0.019389823079109192,
      0.018632328137755394,
      0.017647400498390198,
      0.016456807032227516,
      0.015941189602017403,
      0.015884652733802795,
      0.014908385463058949,
      0.014680967666208744,
      0.014057583175599575,
      0.014055280946195126,
      0.014048724435269833,
      0.013892809860408306,
      0.013410871848464012,
      0.013274673372507095,
      0.013270699419081211,
      0.012874307110905647,
      0.01284023653715849
    ]
  },
  "topic_6": {
    "words": [
      "good",
      "got",
      "work",
      "go",
      "like",
      "get",
      "how",
      "im",
      "bu",
      "way",
      "job",
      "love",
      "leav",
      "haha",
      "think",
      "care",
      "come",
      "look",
      "realli",
      "life"
    ],
    "probabilities": [
      0.024227596819400787,
      0.021924331784248352,
      0.020619312301278114,
      0.0179078821092844,
      0.017524201422929764,
      0.017409833148121834,
      0.01641726680099964,
      0.016009412705898285,
      0.013756811618804932,
      0.01271869521588087,
      0.01266746036708355,
      0.012391584925353527,
      0.01031318586319685,
      0.010154351592063904,
      0.01005789078772068,
      0.009998977184295654,
      0.009905343875288963,
      0.009753425605595112,
      0.009717291221022606,
      0.009711923077702522
    ]
  },
  "topic_7": {
    "words": [
      "train",
      "long",
      "that",
      "know",
      "wat",
      "sorri",
      "later",
      "ill",
      "hi",
      "xxx",
      "call",
      "im",
      "wil",
      "time",
      "get",
      "readi",
      "late",
      "ltgt",
      "want",
      "got"
    ],
    "probabilities": [
      0.02119293622672558,
      0.018512919545173645,
      0.015833353623747826,
      0.013526707887649536,
      0.013504094444215298,
      0.013324898667633533,
      0.012522842735052109,
      0.012438738718628883,
      0.012167688459157944,
      0.012129171751439571,
      0.011923658661544323,
      0.0117821479216218,
      0.010455092415213585,
      0.010149265639483929,
      0.009588543325662613,
      0.009455794468522072,
      0.008430981077253819,
      0.00805845856666565,
      0.007813945412635803,
      0.007678999099880457
    ]
  },
  "topic_8": {
    "words": [
      "point",
      "know",
      "that",
      "wat",
      "ill",
      "song",
      "call",
      "sorri",
      "account",
      "later",
      "hi",
      "im",
      "show",
      "get",
      "time",
      "statement",
      "yeah",
      "privat",
      "told",
      "code"
    ],