{
  "topic_0": {
    "words": [
      "call",
      "free",
      "txt",
      "ur",
      "text",
      "mobil",
      "week",
      "claim",
      "repli",
      "cash",
      "phone",
      "stop",
      "prize",
      "win",
      "new",
      "contact",
      "urgent",
      "collect",
      "hello",
      "messag"
    ],
    "probabilities": [
      0.021605832502245903,
      0.015549035742878914,
      0.01531260646879673,
      0.012738083489239216,
      0.012158535420894623,
      0.011419926770031452,
      0.010193525813519955,
      0.009696653112769127,
      0.008451507426798344,
      0.007720101159065962,
      0.00768192857503891,
      0.007386624347418547,
      0.007297765929251909,
      0.007276035379618406,
      0.007263424340635538,
      0.007159197703003883,
      0.006407907698303461,
      0.006047767121344805,
      0.006008055526763201,
      0.005838234908878803
    ]
  },
  "topic_1": {
    "words": [
      "hey",
      "wont",
      "problem",
      "oki",
      "gud",
      "said",
      "hour",
      "name",
      "would",
      "keep",
      "bring",
      "ah",
      "love",
      "enjoy",
      "also",
      "never",
      "amp",
      "yo",
      "mean",
      "abt"
    ],
    "probabilities": [
      0.010145236738026142,
      0.00960987526923418,
      0.008505563251674175,
      0.007998292334377766,
      0.00777782266959548,
      0.007655069697648287,
      0.0076234545558691025,
      0.007537600118666887,
      0.007471228484064341,
      0.007075485773384571,
      0.007063407450914383,
      0.006781223230063915,
      0.006753284949809313,
      0.0067311180755496025,
      0.006661818828433752,
      0.006507302634418011,
      0.0064654359593987465,
      0.006445747334510088,
      0.006383403204381466,
      0.006173620466142893
    ]
  },
  "topic_2": {
    "words": [
      "wat",
      "much",
      "great",
      "pick",
      "see",
      "take",
      "ur",
      "thanx",
      "go",
      "ltgt",
      "today",
      "class",
      "happen",
      "one",
      "someth",
      "got",
      "come",
      "pa",
      "care",
      "tonight"
    ],
    "probabilities": [
      0.020927641540765762,
      0.017755059525370598,
      0.014567195437848568,
      0.014521738514304161,
      0.013736638240516186,
      0.012538623064756393,
      0.011115715838968754,
      0.011098846793174744,
      0.010836465284228325,
      0.01077810488641262,
      0.01052434928715229,
      0.010101838037371635,
      0.010092242620885372,
      0.010062622837722301,
      0.01005278155207634,
      0.00903618149459362,
      0.009025846607983112,
      0.008593382313847542,
      0.008495469577610493,
      0.008318489417433739
    ]
  },
  "topic_3": {
    "words": [
      "ok",
      "im",
      "call",
      "go",
      "get",
      "come",
      "ill",
      "want",
      "time",
      "dont",
      "like",
      "home",
      "know",
      "sorri",
      "got",
      "good",
      "ltgt",
      "later",
      "work",
      "dear"
    ],
    "probabilities": [
      0.03274952247738838,
      0.03137412667274475,
      0.027758101001381874,
      0.02309853956103325,
      0.020433399826288223,
      0.020112164318561554,
      0.018900630995631218,
      0.014516043476760387,
      0.014332609251141548,
      0.014193384908139706,
      0.013743363320827484,
      0.013544267974793911,
      0.013397960923612118,
      0.012764564715325832,
      0.012593230232596397,
      0.012345927767455578,
      0.011844131164252758,
      0.011287776753306389,
      0.009893310256302357,
      0.009776557795703411
    ]
  },
  "topic_4": {
    "words": [
      "talk",
      "watch",
      "guy",
      "late",
      "princess",
      "check",
      "place",
      "sir",
      "mani",
      "room",
      "fine",
      "last",
      "could",
      "long",
      "dinner",
      "help",
      "havent",
      "show",
      "ju",
      "wait"
    ],
    "probabilities": [
      0.020217139273881912,
      0.019775906577706337,
      0.015778271481394768,
      0.015307281166315079,
      0.014784233644604683,
      0.014578687027096748,
      0.014178377576172352,
      0.013998212292790413,
      0.013931475579738617,
      0.01385311596095562,
      0.01260373555123806,
      0.012371673248708248,
      0.012089893221855164,
      0.012060833163559437,
      0.012041140347719193,
      0.011665480211377144,
      0.010824508033692837,
      0.01019749790430069,
      0.010106110014021397,
      0.009676015935838223
    ]
  }
}