{
  "K": 10,
  "alpha": 1.0,
  "beta": 0.01,
  "prior_scale": 1.0,
  "method": "svi",
  "val_accuracy": 0.16673314718787396,
  "val_auc": 0.4699536366826786
}