{
  "topic_0": {
    "words": [
      "free",
      "call",
      "text",
      "mobil",
      "stop",
      "get",
      "give",
      "servic",
      "repli",
      "nokia",
      "custom",
      "money",
      "phone",
      "txt",
      "claim",
      "birthday",
      "us",
      "offer",
      "want",
      "charg"
    ],
    "probabilities": [
      0.029557427391409874,
      0.02438480406999588,
      0.015561494044959545,
      0.014958227053284645,
      0.013570106588304043,
      0.012488010339438915,
      0.011393491178750992,
      0.01133508700877428,
      0.010206048376858234,
      0.009528412483632565,
      0.009220557287335396,
      0.008956924080848694,
      0.007903959602117538,
      0.007777399383485317,
      0.007772257085889578,
      0.0075457957573235035,
      0.007446421310305595,
      0.007314490620046854,
      0.0070685530081391335,
      0.0070261782966554165
    ]
  },
  "topic_1": {
    "words": [
      "go",
      "lor",
      "alreadi",
      "da",
      "got",
      "im",
      "get",
      "long",
      "wat",
      "surf",
      "lei",
      "oh",
      "dun",
      "lunch",
      "haf",
      "ah",
      "dat",
      "hey",
      "need",
      "come"
    ],
    "probabilities": [
      0.022600919008255005,
      0.0153761962428689,
      0.014603722840547562,
      0.01274577621370554,
      0.012343045324087143,
      0.010924422182142735,
      0.009342447854578495,
      0.009318064898252487,
      0.009090232662856579,
      0.008960268460214138,
      0.00878286361694336,
      0.008481540717184544,
      0.00846974365413189,
      0.008029187098145485,
      0.007754568941891193,
      0.007674706634134054,
      0.007429404184222221,
      0.007367925718426704,
      0.007299002725630999,
      0.007248721085488796
    ]
  },
  "topic_2": {
    "words": [
      "wat",
      "call",
      "oki",
      "minut",
      "ltgt",
      "messag",
      "contact",
      "tri",
      "start",
      "rememb",
      "guy",
      "earli",
      "ye",
      "haha",
      "see",
      "urgent",
      "im",
      "complet",
      "wot",
      "weekend"
    ],
    "probabilities": [
      0.019889885559678078,
      0.017720520496368408,
      0.016992375254631042,
      0.015634866431355476,
      0.014235603623092175,
      0.014038847759366035,
      0.01313959900289774,
      0.012985889799892902,
      0.012554850429296494,
      0.011526267044246197,
      0.010140946134924889,
      0.009662535041570663,
      0.009575238451361656,
      0.009488224983215332,
      0.009473375044763088,
      0.009388167411088943,
      0.008982819505035877,
      0.008943998254835606,
      0.008938168175518513,
      0.00889513734728098
    ]
  },
  "topic_3": {
    "words": [
      "dear",
      "number",
      "pl",
      "plan",
      "how",
      "sent",
      "year",
      "class",
      "show",
      "buy",
      "finish",
      "noth",
      "pa",
      "player",
      "send",
      "song",
      "account",
      "wanna",
      "cost",
      "probabl"
    ],
    "probabilities": [
      0.025843361392617226,
      0.024799857288599014,
      0.024370741099119186,
      0.024276411160826683,
      0.019360298290848732,
      0.01797945611178875,
      0.017971714958548546,
      0.017934948205947876,
      0.017881719395518303,
      0.01784891076385975,
      0.016145486384630203,
      0.015063546597957611,
      0.013421480543911457,
      0.012480346485972404,
      0.011996475979685783,
      0.011780504137277603,
      0.011657790280878544,
      0.01138300821185112,
      0.011316620744764805,
      0.010681667365133762
    ]
  },
  "topic_4": {
    "words": [
      "happi",
      "check",
      "ur",
      "wish",
      "live",
      "readi",
      "tomorrow",
      "txt",
      "mean",
      "tone",
      "prob",
      "guess",
      "download",
      "dad",
      "speak",
      "thought",
      "ltgt",
      "drug",
      "join",
      "send"
    ],
    "probabilities": [
      0.029077891260385513,
      0.01896732859313488,
      0.018785569816827774,
      0.018014444038271904,
      0.01667165197432041,
      0.01574922353029251,
      0.015628259629011154,
      0.015515726990997791,
      0.013851682655513287,
      0.01202898845076561,
      0.011784523725509644,
      0.011716113425791264,
      0.011350572109222412,
      0.010819828137755394,
      0.009979543276131153,
      0.009815000928938389,
      0.009741201996803284,
      0.009513243101537228,
      0.009462043642997742,
      0.009445153176784515
    ]
  },
  "topic_5": {
    "words": [
      "love",
      "like",
      "miss",
      "cool",
      "babe",
      "said",
      "new",
      "hello",
      "hey",
      "hour",
      "wont",
      "job",
      "im",
      "babi",
      "might",
      "xxx",
      "get",
      "anyth",
      "anoth",
      "de"
    ],
    "probabilities": [
      0.03536541387438774,
      0.030718928202986717,
      0.027424119412899017,
      0.02387879602611065,
      0.023323403671383858,
      0.020819302648305893,
      0.019956577569246292,
      0.018566390499472618,
      0.018532218411564827,
      0.017907628789544106,
      0.017700225114822388,
      0.01730918511748314,
      0.015768777579069138,
      0.015264468267560005,
      0.014643281698226929,
      0.014004431664943695,
      0.01374730747193098,
      0.01368431095033884,
      0.013095990754663944,
      0.012322654947638512
    ]
  },
  "topic_6": {
    "words": [
      "make",
      "work",
      "home",
      "right",
      "lol",
      "im",
      "yet",
      "could",
      "ask",
      "dinner",
      "next",
      "wait",
      "feel",
      "would",
      "amp",
      "reach",
      "ltgt",
      "bring",
      "play",
      "bu"
    ],
    "probabilities": [
      0.0381372831761837,
      0.03771594539284706,
      0.03326718509197235,
      0.02840285375714302,
      0.027702171355485916,
      0.02725611813366413,
      0.024475445970892906,
      0.02182319574058056,
      0.0217952411621809,
      0.01966877467930317,
      0.01871650293469429,
      0.018123848363757133,
      0.018005769699811935,
      0.01795695163309574,
      0.017336074262857437,
      0.01702638529241085,
      0.014806181192398071,
      0.014336877502501011,
      0.014257111586630344,
      0.013748610392212868
    ]
  },
  "topic_7": {
    "words": [
      "watch",
      "your",
      "leav",
      "nice",
      "done",
      "nite",
      "ju",
      "yup",
      "morn",
      "msg",
      "part",
      "hous",
      "tv",
      "sir",
      "big",
      "ya",
      "say",
      "gud",
      "chanc",
      "first"
    ],
    "probabilities": [
      0.03837069869041443,
      0.028622234240174294,
      0.028451213613152504,
      0.027633946388959885,
      0.02730247750878334,
      0.02683451399207115,
      0.026681408286094666,
      0.02521175891160965,
      0.024890316650271416,
      0.024034520611166954,
      0.019224537536501884,
      0.01752549409866333,
      0.017365863546729088,
      0.015188930556178093,
      0.015116265043616295,
      0.015060247853398323,
      0.014566253870725632,
      0.013528717681765556,
      0.013230545446276665,
      0.013192991726100445
    ]
  },
  "topic_8": {
    "words": [
      "place",
      "princess",
      "drive",
      "man",
      "ok",
      "someth",
      "room",
      "fine",
      "lot",
      "come",
      "ill",
      "call",
      "great",
      "oh",
      "tonight",
      "film",
      "sorri",
      "competit",
      "last",
      "get"
    ],