{
  "topic_0": {
    "words": [
      "free",
      "call",
      "txt",
      "ur",
      "repli",
      "text",
      "mobil",
      "stop",
      "messag",
      "phone",
      "week",
      "get",
      "msg",
      "day",
      "tone",
      "send",
      "nokia",
      "download",
      "pm",
      "came"
    ],
    "probabilities": [
      0.030413126572966576,
      0.016869109123945236,
      0.016806695610284805,
      0.015296312980353832,
      0.013857058249413967,
      0.013794674538075924,
      0.013277917169034481,
      0.012594484724104404,
      0.010926296934485435,
      0.0106789106503129,
      0.00929611548781395,
      0.008687550202012062,
      0.008452057838439941,
      0.008364489302039146,
      0.00836099125444889,
      0.007900826632976532,
      0.0073844739235937595,
      0.007143012247979641,
      0.007067267782986164,
      0.007060652133077383
    ]
  },
  "topic_1": {
    "words": [
      "call",
      "show",
      "pa",
      "claim",
      "contact",
      "surf",
      "prize",
      "win",
      "award",
      "account",
      "ah",
      "point",
      "ur",
      "cash",
      "juz",
      "disturb",
      "post",
      "stuff",
      "man",
      "receiv"
    ],
    "probabilities": [
      0.017508838325738907,
      0.01352525595575571,
      0.011512786149978638,
      0.010298763401806355,
      0.009522705338895321,
      0.009494457393884659,
      0.00928913801908493,
      0.008797161281108856,
      0.008456094190478325,
      0.008298497647047043,
      0.008197801187634468,
      0.007954410277307034,
      0.007926685735583305,
      0.00791548565030098,
      0.007879817858338356,
      0.007521563675254583,
      0.007410413585603237,
      0.0072411177679896355,
      0.007217700127512217,
      0.007141796872019768
    ]
  },
  "topic_2": {
    "words": [
      "today",
      "wish",
      "one",
      "haha",
      "good",
      "player",
      "find",
      "song",
      "number",
      "heart",
      "say",
      "weekend",
      "hungri",
      "pl",
      "train",
      "dad",
      "prob",
      "real",
      "back",
      "what"
    ],
    "probabilities": [
      0.01866256445646286,
      0.011883708648383617,
      0.01123066432774067,
      0.010965877212584019,
      0.01087623555213213,
      0.010616789571940899,
      0.010347357019782066,
      0.009950480423867702,
      0.009734973311424255,
      0.009031550958752632,
      0.008884456008672714,
      0.008826492354273796,
      0.008746456354856491,
      0.008463134989142418,
      0.008355173282325268,
      0.008352289907634258,
      0.008337195962667465,
      0.008248033002018929,
      0.008223112672567368,
      0.008119230158627033
    ]
  },
  "topic_3": {
    "words": [
      "work",
      "check",
      "sent",
      "oki",
      "finish",
      "tonight",
      "long",
      "time",
      "told",
      "lor",
      "mani",
      "lot",
      "dinner",
      "soon",
      "got",
      "wait",
      "room",
      "amp",
      "look",
      "yup"
    ],
    "probabilities": [
      0.029522063210606575,
      0.020861882716417313,
      0.019837744534015656,
      0.01797402650117874,
      0.017125170677900314,
      0.01596122793853283,
      0.015441455878317356,
      0.01429413165897131,
      0.014077289961278439,
      0.013981569558382034,
      0.013946106657385826,
      0.013715323060750961,
      0.013405365869402885,
      0.013330494053661823,
      0.013281911611557007,
      0.0132577670738101,
      0.012641482055187225,
      0.012299795635044575,
      0.011953834444284439,
      0.01194697618484497
    ]
  },
  "topic_4": {
    "words": [
      "lor",
      "anyth",
      "use",
      "im",
      "home",
      "how",
      "alreadi",
      "yet",
      "go",
      "cool",
      "thing",
      "done",
      "havent",
      "nite",
      "yo",
      "play",
      "start",
      "got",
      "earli",
      "left"
    ],
    "probabilities": [
      0.020293552428483963,
      0.019096501171588898,
      0.018197135999798775,
      0.018190031871199608,
      0.01703532785177231,
      0.017030278220772743,
      0.01469842903316021,
      0.014252775348722935,
      0.013861851766705513,
      0.013649752363562584,
      0.013489446602761745,
      0.012534926645457745,
      0.01192709431052208,
      0.011311515234410763,
      0.01126816775649786,
      0.010899809189140797,
      0.01047917827963829,
      0.01015815231949091,
      0.01011351402848959,
      0.010038078762590885
    ]
  },
  "topic_5": {
    "words": [
      "ill",
      "much",
      "sorri",
      "later",
      "come",
      "pick",
      "im",
      "happen",
      "home",
      "buy",
      "hi",
      "yeah",
      "go",
      "could",
      "pl",
      "class",
      "noth",
      "back",
      "get",
      "went"
    ],
    "probabilities": [
      0.04046521708369255,
      0.03319048509001732,
      0.031201401725411415,
      0.02783157303929329,
      0.024747690185904503,
      0.022776344791054726,
      0.022161385044455528,
      0.02013663575053215,
      0.018986687064170837,
      0.01655297726392746,
      0.01591191068291664,
      0.015853242948651314,
      0.015716752037405968,
      0.015127799473702908,
      0.014168993569910526,
      0.01395527832210064,
      0.013902678154408932,
      0.013689698651432991,
      0.013529796153306961,
      0.013506056740880013
    ]
  },
  "topic_6": {
    "words": [
      "ok",
      "call",
      "go",
      "like",
      "ltgt",
      "dont",
      "want",
      "time",
      "way",
      "that",
      "know",
      "still",
      "pleas",
      "take",
      "come",
      "meet",
      "talk",
      "oh",
      "hope",
      "get"
    ],
    "probabilities": [
      0.08717134594917297,
      0.03434550017118454,
      0.02955441176891327,
      0.02727476879954338,
      0.02513413317501545,
      0.02480330877006054,
      0.02371855452656746,
      0.02168424054980278,
      0.021644597873091698,
      0.02041170932352543,
      0.019483625888824463,
      0.018652208149433136,
      0.017891814932227135,
      0.017001623287796974,
      0.016304297372698784,
      0.016230104491114616,
      0.016175519675016403,
      0.015937719494104385,
      0.01576921157538891,
      0.015498783439397812
    ]
  },
  "topic_7": {
    "words": [
      "keep",
      "gud",
      "wonder",
      "offic",
      "eat",
      "smile",
      "love",
      "night",
      "read",
      "morn",
      "write",
      "cours",
      "air",
      "forward",
      "see",
      "word",
      "da",
      "miss",
      "know",
      "good"
    ],
    "probabilities": [
      0.042774640023708344,
      0.04214387387037277,
      0.03942137584090233,
      0.038478851318359375,
      0.03402239829301834,
      0.026323573663830757,
      0.021385053172707558,
      0.02073143608868122,
      0.01877213828265667,
      0.01695074886083603,
      0.0163024440407753,
      0.016134610399603844,
      0.01612655073404312,
      0.014920809306204319,
      0.014305624179542065,
      0.014255120418965816,
      0.014023127034306526,
      0.012324604205787182,
      0.011168316006660461,
      0.010582522489130497
    ]
  },
  "topic_8": {
    "words": [
      "plan",
      "princess",
      "ye",
      "year",
      "good",
      "happi",
      "dear",
      "see",
      "fine",
      "even",
      "let",
      "great",
      "new",
      "thank",
      "know",
      "think",
      "care",
      "dont",
      "make",
      "night"
    ],