{
  "topic_0": {
    "words": [
      "ok",
      "im",
      "go",
      "get",
      "call",
      "got",
      "see",
      "time",
      "know",
      "want",
      "come",
      "dont",
      "free",
      "text",
      "ur",
      "like",
      "take",
      "much",
      "still",
      "good"
    ],
    "probabilities": [
      0.025083370506763458,
      0.01506920624524355,
      0.014614582061767578,
      0.01156256441026926,
      0.010989821515977383,
      0.007830646820366383,
      0.007655610330402851,
      0.007507679518312216,
      0.007373039610683918,
      0.007342169526964426,
      0.007146028336137533,
      0.0070522744208574295,
      0.006940264720469713,
      0.006783885881304741,
      0.006771892309188843,
      0.006709757260978222,
      0.006699529476463795,
      0.0065676188096404076,
      0.006487984210252762,
      0.006462801247835159
    ]
  },
  "topic_1": {
    "words": [
      "late",
      "haf",
      "may",
      "wanna",
      "da",
      "point",
      "there",
      "dun",
      "hous",
      "juz",
      "walk",
      "shall",
      "open",
      "gd",
      "thk",
      "came",
      "email",
      "amt",
      "disturb",
      "pa"
    ],
    "probabilities": [
      0.01044691912829876,
      0.009183904156088829,
      0.009130666963756084,
      0.009037804789841175,
      0.00894390419125557,
      0.008809441700577736,
      0.008545408956706524,
      0.00808124989271164,
      0.007982827723026276,
      0.00781557708978653,
      0.0076080551370978355,
      0.007549363188445568,
      0.007502822205424309,
      0.007383704651147127,
      0.0073595670983195305,
      0.007289001252502203,
      0.007001773454248905,
      0.006997307762503624,
      0.0069855633191764355,
      0.006938363891094923
    ]
  },
  "topic_2": {
    "words": [
      "ltgt",
      "call",
      "buy",
      "lor",
      "ur",
      "alreadi",
      "contact",
      "win",
      "would",
      "tomorrow",
      "time",
      "come",
      "one",
      "finish",
      "txt",
      "lunch",
      "think",
      "urgent",
      "prize",
      "say"
    ],
    "probabilities": [
      0.014615645632147789,
      0.011780591681599617,
      0.011099783703684807,
      0.010866678319871426,
      0.01079459860920906,
      0.009750837460160255,
      0.009159623645246029,
      0.00888918898999691,
      0.008558445610105991,
      0.007996635511517525,
      0.007793509401381016,
      0.007788245100528002,
      0.007768713869154453,
      0.007582344580441713,
      0.007568531669676304,
      0.007563992869108915,
      0.007533447351306677,
      0.007163644302636385,
      0.007121979724615812,
      0.00696997856721282
    ]
  },
  "topic_3": {
    "words": [
      "call",
      "im",
      "get",
      "sorri",
      "come",
      "go",
      "ill",
      "want",
      "dear",
      "good",
      "pick",
      "right",
      "later",
      "dont",
      "home",
      "da",
      "time",
      "ok",
      "happen",
      "back"
    ],
    "probabilities": [
      0.02727269008755684,
      0.02213578298687935,
      0.020518776029348373,
      0.01818993128836155,
      0.016832944005727768,
      0.014997514896094799,
      0.014742796309292316,
      0.012610633857548237,
      0.012255736626684666,
      0.011961681768298149,
      0.011900540441274643,
      0.011825250461697578,
      0.011667485348880291,
      0.010282041504979134,
      0.010205256752669811,
      0.00987234152853489,
      0.009745639748871326,
      0.00968475453555584,
      0.00945193413645029,
      0.009274679236114025
    ]
  },
  "topic_4": {
    "words": [
      "plan",
      "watch",
      "hour",
      "yo",
      "job",
      "song",
      "player",
      "left",
      "didnt",
      "lei",
      "mean",
      "hear",
      "ah",
      "thought",
      "complet",
      "guess",
      "man",
      "show",
      "enjoy",
      "play"
    ],
    "probabilities": [
      0.020298033952713013,
      0.018143482506275177,
      0.01585961878299713,
      0.014319002628326416,
      0.013919301331043243,
      0.012507575564086437,
      0.01220867782831192,
      0.011391847394406796,
      0.011343134567141533,
      0.01078335102647543,
      0.010757725685834885,
      0.01072017289698124,
      0.010606709867715836,
      0.010458983480930328,
      0.010291427373886108,
      0.010235709138214588,
      0.010146427899599075,
      0.010115154087543488,
      0.010113627649843693,
      0.009893094189465046
    ]
  }
}