{
  "K": 5,
  "alpha": 0.5,
  "beta": 0.01,
  "prior_scale": 1.0,
  "method": "mcmc",
  "val_accuracy": 0.9046669325887515,
  "val_auc": 0.9357343006295102,
  "test_accuracy": 0.9032258064516129,
  "test_auc": 0.9268737060041409
}