{
  "topic_0": {
    "words": [
      "ok",
      "go",
      "im",
      "call",
      "get",
      "come",
      "got",
      "time",
      "good",
      "like",
      "want",
      "ill",
      "know",
      "dont",
      "home",
      "ltgt",
      "sorri",
      "see",
      "love",
      "still"
    ],
    "probabilities": [
      0.021467560902237892,
      0.017673922702670097,
      0.017598329111933708,
      0.0161280557513237,
      0.01512823160737753,
      0.013550866395235062,
      0.01103958860039711,
      0.010897256433963776,
      0.009429306723177433,
      0.009130694903433323,
      0.009052146226167679,
      0.008631175383925438,
      0.008532698266208172,
      0.008496797643601894,
      0.008280946873128414,
      0.007940339855849743,
      0.007847649045288563,
      0.007255393546074629,
      0.007026899140328169,
      0.006938314996659756
    ]
  },
  "topic_1": {
    "words": [
      "princess",
      "place",
      "nice",
      "heart",
      "pay",
      "give",
      "day",
      "hous",
      "chang",
      "pl",
      "need",
      "away",
      "head",
      "smile",
      "one",
      "walk",
      "better",
      "sm",
      "ltdecimalgt",
      "sweet"
    ],
    "probabilities": [
      0.013624913990497589,
      0.012208690866827965,
      0.010858634486794472,
      0.010126681067049503,
      0.009937102906405926,
      0.009130389429628849,
      0.008977883495390415,
      0.008553089573979378,
      0.008512739092111588,
      0.0081065958365798,
      0.007957274094223976,
      0.007850033231079578,
      0.007626023609191179,
      0.007600571494549513,
      0.00756969815120101,
      0.007568864151835442,
      0.007496677804738283,
      0.007358557544648647,
      0.007356350310146809,
      0.00714725349098444
    ]
  },
  "topic_2": {
    "words": [
      "show",
      "wish",
      "servic",
      "account",
      "hungri",
      "point",
      "remain",
      "real",
      "train",
      "custom",
      "hold",
      "disturb",
      "doesnt",
      "stuff",
      "tampa",
      "receiv",
      "sinc",
      "yesterday",
      "stop",
      "stand"
    ],
    "probabilities": [
      0.01798516884446144,
      0.01594705693423748,
      0.013087890110909939,
      0.011616071686148643,
      0.011519556865096092,
      0.010671126656234264,
      0.010450863279402256,
      0.01025082916021347,
      0.009799284860491753,
      0.009751474484801292,
      0.009147140197455883,
      0.0090902429074049,
      0.008943318389356136,
      0.008839777670800686,
      0.008823609910905361,
      0.008788581006228924,
      0.00862098578363657,
      0.00861451867967844,
      0.008488398976624012,
      0.00842549093067646
    ]
  },
  "topic_3": {
    "words": [
      "free",
      "txt",
      "mobil",
      "ur",
      "wanna",
      "claim",
      "cash",
      "everi",
      "award",
      "may",
      "repli",
      "msg",
      "tone",
      "shop",
      "bit",
      "win",
      "nokia",
      "text",
      "contact",
      "chanc"
    ],
    "probabilities": [
      0.031165681779384613,
      0.026760855689644814,
      0.015904894098639488,
      0.012810119427740574,
      0.012753649614751339,
      0.012740213423967361,
      0.011442499235272408,
      0.01124499924480915,
      0.011118537746369839,
      0.010687864385545254,
      0.010257408954203129,
      0.010214845649898052,
      0.010202029719948769,
      0.010019403882324696,
      0.009661735966801643,
      0.009642699733376503,
      0.00957767479121685,
      0.009348060935735703,
      0.008454626426100731,
      0.008406675420701504
    ]
  },
  "topic_4": {
    "words": [
      "ju",
      "sent",
      "prob",
      "anytim",
      "said",
      "okay",
      "amt",
      "saw",
      "best",
      "line",
      "normal",
      "id",
      "wake",
      "chennai",
      "hr",
      "found",
      "price",
      "onlin",
      "correct",
      "dnt"
    ],
    "probabilities": [
      0.022379953414201736,
      0.01949242502450943,
      0.01751110889017582,
      0.01749345287680626,
      0.017453398555517197,
      0.016963955014944077,
      0.016264954581856728,
      0.015518458560109138,
      0.015448534861207008,
      0.01455964520573616,
      0.014170029200613499,
      0.01407372485846281,
      0.014026205986738205,
      0.01397932693362236,
      0.01344473846256733,
      0.01332122553139925,
      0.013204043731093407,
      0.012874343432486057,
      0.01252901740372181,
      0.01244925893843174
    ]
  }
}