{
  "topic_0": {
    "words": [
      "im",
      "call",
      "go",
      "get",
      "ok",
      "come",
      "time",
      "dont",
      "like",
      "got",
      "want",
      "ltgt",
      "good",
      "ill",
      "know",
      "take",
      "home",
      "see",
      "sorri",
      "love"
    ],
    "probabilities": [
      0.016838308423757553,
      0.016451049596071243,
      0.015348021872341633,
      0.013159784488379955,
      0.01138477772474289,
      0.011154859326779842,
      0.010488257743418217,
      0.009032110683619976,
      0.008974823169410229,
      0.008771603927016258,
      0.00875215232372284,
      0.008405848406255245,
      0.007950653322041035,
      0.007779753766953945,
      0.007240494713187218,
      0.006906813941895962,
      0.006800375878810883,
      0.006724501959979534,
      0.006707692518830299,
      0.006515961140394211
    ]
  },
  "topic_1": {
    "words": [
      "call",
      "claim",
      "free",
      "mobil",
      "win",
      "ur",
      "award",
      "txt",
      "prize",
      "collect",
      "cash",
      "urgent",
      "offer",
      "receiv",
      "contact",
      "text",
      "weekend",
      "stop",
      "servic",
      "custom"
    ],
    "probabilities": [
      0.025092052295804024,
      0.018457919359207153,
      0.01694547012448311,
      0.016889488324522972,
      0.015037868171930313,
      0.015034044161438942,
      0.014999967068433762,
      0.014762509614229202,
      0.012668514624238014,
      0.012093123979866505,
      0.011505053378641605,
      0.011339196003973484,
      0.010772599838674068,
      0.010592509061098099,
      0.00999455526471138,
      0.0095771923661232,
      0.009576313197612762,
      0.00943180825561285,
      0.009429916739463806,
      0.00937657430768013
    ]
  },
  "topic_2": {
    "words": [
      "dun",
      "disturb",
      "haf",
      "snow",
      "saw",
      "import",
      "brother",
      "busi",
      "sad",
      "holiday",
      "leh",
      "quit",
      "hair",
      "tot",
      "bit",
      "came",
      "din",
      "charg",
      "camera",
      "thk"
    ],
    "probabilities": [
      0.0275674257427454,
      0.02368553914129734,
      0.023407431319355965,
      0.020917141810059547,
      0.020108439028263092,
      0.019250905141234398,
      0.01890801079571247,
      0.018430689349770546,
      0.01811741106212139,
      0.01796342059969902,
      0.017653213813900948,
      0.017079150304198265,
      0.016476640477776527,
      0.014978675171732903,
      0.01475993450731039,
      0.014634803868830204,
      0.014576347544789314,
      0.01142154075205326,
      0.011081317439675331,
      0.009888376109302044
    ]
  },
  "topic_3": {
    "words": [
      "yet",
      "rememb",
      "suppos",
      "drug",
      "liao",
      "forgot",
      "pub",
      "old",
      "stuff",
      "ltgt",
      "move",
      "week",
      "tel",
      "face",
      "ago",
      "film",
      "space",
      "haha",
      "swing",
      "tell"
    ],
    "probabilities": [
      0.017715485766530037,
      0.013167966157197952,
      0.012819964438676834,
      0.012161152437329292,
      0.012142155319452286,
      0.012131855823099613,
      0.011847324669361115,
      0.01181661244481802,
      0.01178755797445774,
      0.011610182002186775,
      0.011483456008136272,
      0.011423272080719471,
      0.01089488435536623,
      0.01045077946037054,
      0.010043885558843613,
      0.009986759163439274,
      0.009559953585267067,
      0.009500843472778797,
      0.008991061709821224,
      0.008788172155618668
    ]
  },
  "topic_4": {
    "words": [
      "train",
      "remain",
      "special",
      "anytim",
      "colleg",
      "select",
      "doesnt",
      "phone",
      "stand",
      "free",
      "much",
      "tone",
      "servic",
      "system",
      "mind",
      "correct",
      "fun",
      "bold",
      "txt",
      "pa"
    ],
    "probabilities": [
      0.015097161754965782,
      0.013921081088483334,
      0.013438832946121693,
      0.01335188653320074,
      0.013274537399411201,
      0.013272445648908615,
      0.012836411595344543,
      0.012633644975721836,
      0.012134063057601452,
      0.011453439481556416,
      0.01121485885232687,
      0.010355418547987938,
      0.009845531545579433,
      0.00950573943555355,
      0.009122603572905064,
      0.008899354375898838,
      0.008567466400563717,
      0.008331756107509136,
      0.008285211399197578,
      0.008259009569883347
    ]
  },
  "topic_5": {
    "words": [
      "ah",
      "fuck",
      "amt",
      "test",
      "ard",
      "awesom",
      "bad",
      "your",
      "dat",
      "man",
      "isnt",
      "jay",
      "gud",
      "haha",
      "read",
      "park",
      "smth",
      "sweet",
      "girl",
      "minut"
    ],
    "probabilities": [
      0.03691672533750534,
      0.03571165353059769,
      0.03420499339699745,
      0.03392121568322182,
      0.03132284805178642,
      0.030742358416318893,
      0.027139242738485336,
      0.02689623273909092,
      0.025143910199403763,
      0.024462604895234108,
      0.019409656524658203,
      0.01796605996787548,
      0.017823463305830956,
      0.017188893631100655,
      0.015955867245793343,
      0.015955546870827675,
      0.015428735874593258,
      0.014678494073450565,
      0.014125374145805836,
      0.011768712662160397
    ]
  },
  "topic_6": {
    "words": [
      "left",
      "wine",
      "peopl",
      "head",
      "there",
      "aight",
      "took",
      "speak",
      "shall",
      "smoke",
      "who",
      "els",
      "morn",
      "god",
      "respond",
      "minut",
      "beer",
      "place",
      "carlo",
      "long"
    ],
    "probabilities": [
      0.037141766399145126,
      0.028742490336298943,
      0.024456776678562164,
      0.02404753305017948,
      0.023551417514681816,
      0.02314894087612629,
      0.021846046671271324,
      0.021095672622323036,
      0.019371449947357178,
      0.019323071464896202,
      0.01900346204638481,
      0.01769552193582058,
      0.0167536623775959,
      0.016132159158587456,
      0.016031257808208466,
      0.015771755948662758,
      0.015558373183012009,
      0.014371292665600777,
      0.01316161546856165,
      0.012592238374054432
    ]
  },
  "topic_7": {
    "words": [
      "bu",
      "still",
      "buy",
      "lei",
      "guy",
      "talk",
      "send",
      "dinner",
      "someth",
      "id",
      "us",
      "tonight",
      "close",
      "get",
      "rememb",
      "said",
      "ok",
      "umma",
      "watch",
      "dunno"
    ],
    "probabilities": [
      0.028482811525464058,
      0.021920345723628998,
      0.021400917321443558,
      0.017342284321784973,
      0.017221717163920403,
      0.016988860443234444,
      0.016875192523002625,
      0.016764285042881966,
      0.01624870114028454,
      0.01477467268705368,
      0.014639359898865223,
      0.013776488602161407,
      0.01260937936604023,
      0.011365667916834354,
      0.010569621808826923,
      0.010357608087360859,
      0.010157519951462746,
      0.01000532228499651,
      0.009554814547300339,
      0.009508568793535233
    ]
  },
  "topic_8": {
    "words": [
      "ok",
      "im",
      "go",
      "plan",
      "drive",
      "see",
      "come",
      "da",
      "heart",
      "call",
      "way",
      "end",
      "forward",
      "ur",
      "got",
      "month",
      "think",
      "huh",
      "say",
      "wait"
    ],