{
  "K": 15,
  "alpha": 1.0,
  "beta": 0.01,
  "prior_scale": 0.1,
  "method": "svi",
  "val_accuracy": 0.5468687674511368,
  "val_auc": 0.4935561569169354
}