{
  "topic_0": {
    "words": [
      "ok",
      "call",
      "im",
      "come",
      "go",
      "get",
      "got",
      "like",
      "dont",
      "day",
      "ltgt",
      "ill",
      "good",
      "home",
      "ur",
      "know",
      "time",
      "want",
      "much",
      "da"
    ],
    "probabilities": [
      0.02351708523929119,
      0.016209589317440987,
      0.013751350343227386,
      0.013544658198952675,
      0.013335716910660267,
      0.010549782775342464,
      0.008877168409526348,
      0.008616432547569275,
      0.007908211089670658,
      0.007772752549499273,
      0.0076182130724191666,
      0.00747306551784277,
      0.007470321375876665,
      0.007050070445984602,
      0.007016968447715044,
      0.006958584301173687,
      0.006765006110072136,
      0.006717364769428968,
      0.006595453713089228,
      0.006485829595476389
    ]
  },
  "topic_1": {
    "words": [
      "call",
      "go",
      "im",
      "wat",
      "ill",
      "time",
      "get",
      "like",
      "work",
      "good",
      "sorri",
      "today",
      "still",
      "come",
      "ltgt",
      "home",
      "know",
      "lor",
      "got",
      "want"
    ],
    "probabilities": [
      0.03082406520843506,
      0.017809288576245308,
      0.015920832753181458,
      0.011217169463634491,
      0.010736123658716679,
      0.010593077167868614,
      0.010591143742203712,
      0.01044691912829876,
      0.010330518707633018,
      0.010128277353942394,
      0.010123097337782383,
      0.009398991242051125,
      0.008986996486783028,
      0.00895213894546032,
      0.008378568105399609,
      0.008215634152293205,
      0.00804215855896473,
      0.00784393772482872,
      0.0077146063558757305,
      0.007371800485998392
    ]
  },
  "topic_2": {
    "words": [
      "yo",
      "hello",
      "player",
      "dunno",
      "age",
      "question",
      "dad",
      "lei",
      "true",
      "prob",
      "big",
      "name",
      "best",
      "boy",
      "yesterday",
      "download",
      "test",
      "line",
      "decid",
      "hold"
    ],
    "probabilities": [
      0.013666191138327122,
      0.012616652064025402,
      0.011349407024681568,
      0.011079034768044949,
      0.011020907200872898,
      0.010764054022729397,
      0.0105906305834651,
      0.010409384034574032,
      0.010281402617692947,
      0.01020174752920866,
      0.010158015415072441,
      0.009975526481866837,
      0.009952654130756855,
      0.009494692087173462,
      0.009464497677981853,
      0.009300371631979942,
      0.009280419908463955,
      0.008884817361831665,
      0.008802606724202633,
      0.008743231184780598
    ]
  },
  "topic_3": {
    "words": [
      "sent",
      "princess",
      "yup",
      "get",
      "room",
      "ive",
      "pick",
      "your",
      "what",
      "someth",
      "person",
      "probabl",
      "yeah",
      "done",
      "lunch",
      "chang",
      "haha",
      "happi",
      "nokia",
      "around"
    ],
    "probabilities": [
      0.013501492328941822,
      0.012593959458172321,
      0.011979976668953896,
      0.011455781757831573,
      0.01135476864874363,
      0.011194138787686825,
      0.010432099923491478,
      0.00988980382680893,
      0.009580430574715137,
      0.00956528540700674,
      0.00927642174065113,
      0.00922402273863554,
      0.008778013288974762,
      0.00867778155952692,
      0.008384298533201218,
      0.007843678817152977,
      0.00784317683428526,
      0.0077280630357563496,
      0.007529870606958866,
      0.007430881727486849
    ]
  },
  "topic_4": {
    "words": [
      "how",
      "problem",
      "bring",
      "show",
      "yet",
      "train",
      "earli",
      "abt",
      "point",
      "love",
      "ju",
      "im",
      "offic",
      "bed",
      "school",
      "import",
      "xxx",
      "bu",
      "enough",
      "mind"
    ],
    "probabilities": [
      0.016026915982365608,
      0.014070071280002594,
      0.012139425612986088,
      0.011926429346203804,
      0.011254346929490566,
      0.010830489918589592,
      0.0104661975055933,
      0.010411414317786694,
      0.010063822381198406,
      0.01000409759581089,
      0.009989058598876,
      0.009755516424775124,
      0.009446809068322182,
      0.009183524176478386,
      0.008441701531410217,
      0.008192311972379684,
      0.008154211565852165,
      0.00811835192143917,
      0.008092893287539482,
      0.008057509548962116
    ]
  }
}