{
  "K": 10,
  "alpha": 0.1,
  "beta": 0.1,
  "prior_scale": 0.1,
  "method": "mcmc",
  "val_accuracy": 0.8664007976071785,
  "val_auc": 0.9473232227813752
}