{
  "K": 15,
  "alpha": 0.5,
  "beta": 0.1,
  "prior_scale": 0.1,
  "method": "mcmc",
  "val_accuracy": 0.8659752692461109,
  "val_auc": 0.8911599877168741
}