{
  "topic_0": {
    "words": [
      "call",
      "give",
      "mobil",
      "claim",
      "went",
      "heart",
      "custom",
      "servic",
      "may",
      "pl",
      "per",
      "pa",
      "collect",
      "book",
      "special",
      "prize",
      "post",
      "test",
      "wine",
      "gd"
    ],
    "probabilities": [
      0.01268692035228014,
      0.008939853869378567,
      0.00860673375427723,
      0.008162765763700008,
      0.00792630109935999,
      0.007820016704499722,
      0.0075953067280352116,
      0.00747829070314765,
      0.007358350325375795,
      0.007351830136030912,
      0.0072614471428096294,
      0.007168639916926622,
      0.007057977840304375,
      0.0068694548681378365,
      0.006845820229500532,
      0.006816256325691938,
      0.006746305618435144,
      0.006735418923199177,
      0.006734298076480627,
      0.006694392766803503
    ]
  },
  "topic_1": {
    "words": [
      "free",
      "text",
      "get",
      "done",
      "phone",
      "class",
      "ur",
      "minut",
      "cool",
      "txt",
      "win",
      "fuck",
      "new",
      "job",
      "yo",
      "come",
      "player",
      "surf",
      "nite",
      "hello"
    ],
    "probabilities": [
      0.011610674671828747,
      0.010604072362184525,
      0.00997355580329895,
      0.00867603998631239,
      0.008571597747504711,
      0.008104110136628151,
      0.007280287332832813,
      0.007277992088347673,
      0.0072550163604319096,
      0.007068517152220011,
      0.0070453486405313015,
      0.006849963683634996,
      0.006768554914742708,
      0.006713413167744875,
      0.006668186280876398,
      0.006504622753709555,
      0.006466534920036793,
      0.006398725789040327,
      0.006392758339643478,
      0.006353297736495733
    ]
  },
  "topic_2": {
    "words": [
      "love",
      "lol",
      "oh",
      "use",
      "great",
      "make",
      "friend",
      "call",
      "thing",
      "even",
      "tri",
      "could",
      "fine",
      "good",
      "late",
      "get",
      "ur",
      "thank",
      "wait",
      "feel"
    ],
    "probabilities": [
      0.01882627233862877,
      0.012043498456478119,
      0.011196356266736984,
      0.010927639901638031,
      0.010358447209000587,
      0.010251153260469437,
      0.010233107954263687,
      0.0101837869733572,
      0.010169079527258873,
      0.01007953193038702,
      0.009786506183445454,
      0.00960808340460062,
      0.009279835037887096,
      0.00920836441218853,
      0.008937446400523186,
      0.008614527061581612,
      0.008526621386408806,
      0.008107488974928856,
      0.008061898872256279,
      0.008011131547391415
    ]
  },
  "topic_3": {
    "words": [
      "ok",
      "im",
      "go",
      "call",
      "come",
      "get",
      "ill",
      "dont",
      "home",
      "got",
      "want",
      "sorri",
      "time",
      "good",
      "ltgt",
      "see",
      "much",
      "know",
      "think",
      "today"
    ],
    "probabilities": [
      0.03887561336159706,
      0.032670874148607254,
      0.027250509709119797,
      0.023331418633461,
      0.019013786688447,
      0.017017288133502007,
      0.016658606007695198,
      0.015334422700107098,
      0.014750161208212376,
      0.014067048206925392,
      0.013984918594360352,
      0.013856601901352406,
      0.013544030487537384,
      0.011768738739192486,
      0.011192351579666138,
      0.011157668195664883,
      0.011144804768264294,
      0.011136963032186031,
      0.010981708765029907,
      0.01091832760721445
    ]
  },
  "topic_4": {
    "words": [
      "wat",
      "buy",
      "sent",
      "finish",
      "said",
      "tonight",
      "long",
      "soon",
      "ask",
      "ya",
      "noth",
      "haha",
      "look",
      "havent",
      "wan",
      "alreadi",
      "yup",
      "car",
      "co",
      "ju"
    ],
    "probabilities": [
      0.027818461880087852,
      0.017845705151557922,
      0.01672935299575329,
      0.014553587883710861,
      0.014308199286460876,
      0.013564997352659702,
      0.013052635826170444,
      0.011705556884407997,
      0.011576074175536633,
      0.011560788378119469,
      0.011554218828678131,
      0.010981646366417408,
      0.010539387352764606,
      0.010259466245770454,
      0.010230609215795994,
      0.010213115252554417,
      0.010185379534959793,
      0.010063372552394867,
      0.00986677035689354,
      0.009788217023015022
    ]
  }
}