{
  "K": 15,
  "alpha": 0.5,
  "beta": 0.5,
  "prior_scale": 1.0,
  "method": "svi",
  "val_accuracy": 0.7969684882329477,
  "val_auc": 0.5516042091640895
}