{
  "topic_0": {
    "words": [
      "call",
      "free",
      "txt",
      "ur",
      "text",
      "mobil",
      "stop",
      "claim",
      "win",
      "servic",
      "week",
      "repli",
      "get",
      "may",
      "tone",
      "urgent",
      "prize",
      "award",
      "contact",
      "custom"
    ],
    "probabilities": [
      0.020167646929621696,
      0.019011443480849266,
      0.015230361372232437,
      0.013259930536150932,
      0.012115821242332458,
      0.011246689595282078,
      0.009640561416745186,
      0.009221218526363373,
      0.008557419292628765,
      0.007994364947080612,
      0.007388599682599306,
      0.0071783289313316345,
      0.007122996263206005,
      0.006812729872763157,
      0.006798252929002047,
      0.0066429004073143005,
      0.0063111488707363605,
      0.006157136522233486,
      0.006154679227620363,
      0.00612745201215148
    ]
  },
  "topic_1": {
    "words": [
      "happi",
      "also",
      "sent",
      "check",
      "ltgt",
      "went",
      "take",
      "guy",
      "wish",
      "noth",
      "didnt",
      "one",
      "told",
      "room",
      "get",
      "amp",
      "need",
      "around",
      "money",
      "problem"
    ],
    "probabilities": [
      0.011913808062672615,
      0.011689553037285805,
      0.011418886482715607,
      0.011293989606201649,
      0.011159539222717285,
      0.009434118866920471,
      0.009287811815738678,
      0.009037969633936882,
      0.008349080570042133,
      0.008030778728425503,
      0.007636034395545721,
      0.007413192186504602,
      0.0071975113824009895,
      0.007028877269476652,
      0.007002919912338257,
      0.006983226165175438,
      0.006854705046862364,
      0.006690583191812038,
      0.006679327227175236,
      0.006659699138253927
    ]
  },
  "topic_2": {
    "words": [
      "lor",
      "watch",
      "done",
      "alreadi",
      "long",
      "got",
      "wan",
      "finish",
      "rememb",
      "wat",
      "ju",
      "hello",
      "lei",
      "wonder",
      "dun",
      "lunch",
      "earli",
      "haf",
      "probabl",
      "hungri"
    ],
    "probabilities": [
      0.01658713072538376,
      0.016133146360516548,
      0.012844513170421124,
      0.012190725654363632,
      0.011886514723300934,
      0.010319756343960762,
      0.00965204369276762,
      0.009492185898125172,
      0.009224953129887581,
      0.009176374413073063,
      0.008892892859876156,
      0.00857601873576641,
      0.008370057679712772,
      0.007915795780718327,
      0.007906749844551086,
      0.007860417477786541,
      0.007816776633262634,
      0.007762468885630369,
      0.007690650876611471,
      0.00763315986841917
    ]
  },
  "topic_3": {
    "words": [
      "time",
      "love",
      "day",
      "that",
      "oh",
      "thank",
      "meet",
      "night",
      "hope",
      "im",
      "thing",
      "hey",
      "said",
      "oki",
      "buy",
      "much",
      "even",
      "late",
      "place",
      "use"
    ],
    "probabilities": [
      0.019630292430520058,
      0.018767355009913445,
      0.017143147066235542,
      0.017081400379538536,
      0.01631946861743927,
      0.015303418040275574,
      0.01485375501215458,
      0.013880183920264244,
      0.013223155401647091,
      0.013217668049037457,
      0.013097689487040043,
      0.013017234392464161,
      0.012672374956309795,
      0.012406699359416962,
      0.012039662338793278,
      0.011627959087491035,
      0.011241382919251919,
      0.011013304814696312,
      0.010988314636051655,
      0.010530759580433369
    ]
  },
  "topic_4": {
    "words": [
      "ok",
      "im",
      "call",
      "come",
      "go",
      "ill",
      "get",
      "dont",
      "home",
      "want",
      "know",
      "see",
      "sorri",
      "ltgt",
      "hi",
      "today",
      "later",
      "think",
      "still",
      "got"
    ],
    "probabilities": [
      0.04064999148249626,
      0.026421917602419853,
      0.02612203359603882,
      0.0246043112128973,
      0.024426650255918503,
      0.017201751470565796,
      0.016959797590970993,
      0.014825662598013878,
      0.01440033596009016,
      0.01383677963167429,
      0.013650421984493732,
      0.0134653989225626,
      0.012926405295729637,
      0.011873180978000164,
      0.011771843768656254,
      0.011684508062899113,
      0.011284287087619305,
      0.011164713650941849,
      0.010828861966729164,
      0.010472587309777737
    ]
  }
}