{
  "topic_0": {
    "words": [
      "day",
      "gud",
      "week",
      "miss",
      "what",
      "dont",
      "walk",
      "wake",
      "pm",
      "sinc",
      "speak",
      "download",
      "smile",
      "ltgt",
      "love",
      "head",
      "old",
      "suppos",
      "away",
      "pub"
    ],
    "probabilities": [
      0.015995342284440994,
      0.01508098654448986,
      0.013352165929973125,
      0.013016209937632084,
      0.012705963104963303,
      0.010968009941279888,
      0.010418997146189213,
      0.010116666555404663,
      0.009950718842446804,
      0.009904956445097923,
      0.00979554932564497,
      0.009793444536626339,
      0.009595460258424282,
      0.009265225380659103,
      0.009243294596672058,
      0.009107937105000019,
      0.008574489504098892,
      0.0084342947229743,
      0.008432931266725063,
      0.008135577663779259
    ]
  },
  "topic_1": {
    "words": [
      "got",
      "im",
      "come",
      "hello",
      "surf",
      "haf",
      "remain",
      "prob",
      "account",
      "awesom",
      "movi",
      "like",
      "train",
      "yo",
      "okay",
      "guess",
      "yeah",
      "alway",
      "anytim",
      "fuck"
    ],
    "probabilities": [
      0.012644918635487556,
      0.0125193502753973,
      0.012258940376341343,
      0.011576577089726925,
      0.01109207421541214,
      0.010413939133286476,
      0.009183341637253761,
      0.008982543833553791,
      0.008546597324311733,
      0.0084985988214612,
      0.008455829694867134,
      0.00838454719632864,
      0.008281193673610687,
      0.008235066197812557,
      0.008163976483047009,
      0.008048432879149914,
      0.008001429960131645,
      0.007878609001636505,
      0.007848771288990974,
      0.007832762785255909
    ]
  },
  "topic_2": {
    "words": [
      "go",
      "got",
      "lor",
      "oki",
      "tonight",
      "someth",
      "still",
      "get",
      "alreadi",
      "im",
      "havent",
      "come",
      "room",
      "car",
      "wan",
      "nite",
      "problem",
      "left",
      "dun",
      "earli"
    ],
    "probabilities": [
      0.02112828567624092,
      0.01823025569319725,
      0.017921071499586105,
      0.015165797434747219,
      0.014238636009395123,
      0.01406665239483118,
      0.014039007015526295,
      0.014018851332366467,
      0.01337740570306778,
      0.011996078304946423,
      0.011548764072358608,
      0.011068848893046379,
      0.010251475498080254,
      0.009807171300053596,
      0.009805853478610516,
      0.00958460383117199,
      0.008951650001108646,
      0.008866670541465282,
      0.008767368271946907,
      0.0086053516715765
    ]
  },
  "topic_3": {
    "words": [
      "call",
      "free",
      "mobil",
      "done",
      "chat",
      "dinner",
      "finish",
      "servic",
      "claim",
      "number",
      "ju",
      "player",
      "live",
      "txt",
      "long",
      "receiv",
      "collect",
      "yup",
      "stop",
      "custom"
    ],
    "probabilities": [
      0.03782621771097183,
      0.017519693821668625,
      0.016602279618382454,
      0.01616782322525978,
      0.016147341579198837,
      0.013910510577261448,
      0.013893863186240196,
      0.013631810434162617,
      0.01315395999699831,
      0.013081486336886883,
      0.012178219854831696,
      0.0120431212708354,
      0.011867436580359936,
      0.010813114233314991,
      0.010527046397328377,
      0.010278839617967606,
      0.010253878310322762,
      0.010034327395260334,
      0.009940387681126595,
      0.009889858774840832
    ]
  },
  "topic_4": {
    "words": [
      "want",
      "im",
      "know",
      "need",
      "dont",
      "love",
      "sleep",
      "still",
      "buy",
      "lol",
      "went",
      "could",
      "go",
      "realli",
      "noth",
      "around",
      "get",
      "nice",
      "keep",
      "rememb"
    ],
    "probabilities": [
      0.036243461072444916,
      0.03172064572572708,
      0.02518293634057045,
      0.023840520530939102,
      0.02123689278960228,
      0.0181654654443264,
      0.015333778224885464,
      0.015031691640615463,
      0.01493875589221716,
      0.014177443459630013,
      0.013953630812466145,
      0.013064555823802948,
      0.012719479389488697,
      0.01229467336088419,
      0.012211949564516544,
      0.010785338468849659,
      0.010646685026586056,
      0.010264045558869839,
      0.010059196501970291,
      0.009720134548842907
    ]
  },
  "topic_5": {
    "words": [
      "send",
      "much",
      "text",
      "tri",
      "pl",
      "cant",
      "msg",
      "stop",
      "ltgt",
      "ur",
      "help",
      "minut",
      "repli",
      "min",
      "win",
      "bu",
      "play",
      "get",
      "wont",
      "txt"
    ],
    "probabilities": [
      0.04710501432418823,
      0.036040227860212326,
      0.03490110859274864,
      0.029114415869116783,
      0.024928724393248558,
      0.022244632244110107,
      0.022142352536320686,
      0.019876064732670784,
      0.019213862717151642,
      0.017629098147153854,
      0.017404504120349884,
      0.017123468220233917,
      0.016576020047068596,
      0.016412975266575813,
      0.01591590978205204,
      0.015596672892570496,
      0.015170780941843987,
      0.014788084663450718,
      0.014142636209726334,
      0.013955396600067616
    ]
  },
  "topic_6": {
    "words": [
      "dear",
      "way",
      "go",
      "that",
      "good",
      "see",
      "even",
      "happi",
      "how",
      "friend",
      "watch",
      "amp",
      "wish",
      "lor",
      "mani",
      "real",
      "feel",
      "complet",
      "night",
      "offic"
    ],
    "probabilities": [
      0.0348074771463871,
      0.034272920340299606,
      0.0320519395172596,
      0.02694934606552124,
      0.026474785059690475,
      0.022898593917489052,
      0.021335380151867867,
      0.021061496809124947,
      0.0202744472771883,
      0.019738879054784775,
      0.017350830137729645,
      0.014861010946333408,
      0.014351736754179,
      0.01321899238973856,
      0.013025999069213867,
      0.011298072524368763,
      0.0108181182295084,
      0.010227013379335403,
      0.010170706547796726,
      0.010154633782804012
    ]
  },
  "topic_7": {
    "words": [
      "call",
      "phone",
      "new",
      "messag",
      "year",
      "ltgt",
      "free",
      "hour",
      "min",
      "half",
      "price",
      "orang",
      "latest",
      "xma",
      "let",
      "get",
      "wed",
      "pleas",
      "one",
      "log"
    ],
    "probabilities": [
      0.07897886633872986,
      0.056324560195207596,
      0.04722176119685173,
      0.04648846387863159,
      0.0386417917907238,
      0.03798243775963783,
      0.03655966371297836,
      0.03383232653141022,
      0.020441321656107903,
      0.020268511027097702,
      0.014281468465924263,
      0.013742096722126007,
      0.012283315882086754,
      0.01182669959962368,
      0.011220479384064674,
      0.011104319244623184,
      0.0095964465290308,
      0.008626652881503105,
      0.008552934043109417,
      0.007750237826257944
    ]
  },
  "topic_8": {
    "words": [
      "late",
      "song",
      "pay",
      "check",
      "thought",
      "work",
      "month",
      "soon",
      "give",
      "drive",
      "end",
      "plan",
      "mum",
      "frnd",
      "treat",
      "hope",
      "slave",
      "ok",
      "great",
      "come"
    ],