{
  "K": 10,
  "alpha": 0.5,
  "beta": 0.1,
  "prior_scale": 0.1,
  "method": "svi",
  "val_accuracy": 0.46360917248255235,
  "val_auc": 0.437155419679508
}