{
  "K": 5,
  "alpha": 0.1,
  "beta": 0.01,
  "prior_scale": 0.1,
  "method": "svi",
  "val_accuracy": 0.5712861415752741,
  "val_auc": 0.49996135547807563
}