{
  "topic_0": {
    "words": [
      "call",
      "im",
      "go",
      "get",
      "ok",
      "come",
      "like",
      "good",
      "ill",
      "got",
      "dont",
      "time",
      "ur",
      "ltgt",
      "sorri",
      "want",
      "home",
      "wat",
      "day",
      "lor"
    ],
    "probabilities": [
      0.02108260616660118,
      0.016584904864430428,
      0.014931021258234978,
      0.012531241402029991,
      0.01111309602856636,
      0.010872291401028633,
      0.009181802161037922,
      0.00900158192962408,
      0.008700544945895672,
      0.008643575012683868,
      0.008642133325338364,
      0.008047341369092464,
      0.007524806074798107,
      0.007457650266587734,
      0.006872744765132666,
      0.006690862588584423,
      0.006674617528915405,
      0.006332239136099815,
      0.006325216498225927,
      0.006173632573336363
    ]
  },
  "topic_1": {
    "words": [
      "know",
      "lol",
      "im",
      "right",
      "see",
      "get",
      "still",
      "make",
      "problem",
      "well",
      "way",
      "tonight",
      "come",
      "back",
      "what",
      "rock",
      "cant",
      "yeah",
      "dont",
      "food"
    ],
    "probabilities": [
      0.020414335653185844,
      0.01718592271208763,
      0.016830192878842354,
      0.014445791020989418,
      0.012760202400386333,
      0.012506242841482162,
      0.012488467618823051,
      0.012306680902838707,
      0.011914065107703209,
      0.011497633531689644,
      0.011069272644817829,
      0.010566296987235546,
      0.009854091331362724,
      0.00971657782793045,
      0.009624188765883446,
      0.009201821871101856,
      0.008837241679430008,
      0.008780972100794315,
      0.008750689215958118,
      0.00836323481053114
    ]
  },
  "topic_2": {
    "words": [
      "ok",
      "call",
      "go",
      "ill",
      "come",
      "that",
      "im",
      "plan",
      "want",
      "ya",
      "got",
      "lor",
      "happen",
      "meet",
      "today",
      "love",
      "hi",
      "da",
      "time",
      "use"
    ],
    "probabilities": [
      0.05172598734498024,
      0.019815998151898384,
      0.019654501229524612,
      0.01528555154800415,
      0.014984149485826492,
      0.014613271690905094,
      0.013640877790749073,
      0.013115189038217068,
      0.012888236902654171,
      0.012356086634099483,
      0.011980236507952213,
      0.011552268639206886,
      0.010905856266617775,
      0.010757982730865479,
      0.010182845406234264,
      0.009900440461933613,
      0.009781607426702976,
      0.009695208631455898,
      0.009603319689631462,
      0.00929355900734663
    ]
  },
  "topic_3": {
    "words": [
      "hungri",
      "pain",
      "walk",
      "full",
      "lar",
      "left",
      "busi",
      "juz",
      "forgot",
      "appli",
      "gotta",
      "away",
      "caus",
      "half",
      "claim",
      "set",
      "give",
      "peopl",
      "landlin",
      "book"
    ],
    "probabilities": [
      0.016463207080960274,
      0.016007564961910248,
      0.01597719080746174,
      0.014211905188858509,
      0.013842212036252022,
      0.01335091982036829,
      0.012874487787485123,
      0.012711877934634686,
      0.012361985631287098,
      0.012074838392436504,
      0.01195855624973774,
      0.01145576499402523,
      0.01108033861964941,
      0.010104910470545292,
      0.009226999245584011,
      0.00876619666814804,
      0.008601842448115349,
      0.00788216944783926,
      0.007514884229749441,
      0.007472958415746689
    ]
  },
  "topic_4": {
    "words": [
      "question",
      "nope",
      "hold",
      "came",
      "test",
      "boy",
      "anyway",
      "park",
      "car",
      "awesom",
      "remain",
      "ltdecimalgt",
      "answer",
      "dad",
      "project",
      "onlin",
      "took",
      "anytim",
      "mayb",
      "minut"
    ],
    "probabilities": [
      0.023844271898269653,
      0.023049212992191315,
      0.02217547409236431,
      0.021890178322792053,
      0.02173764444887638,
      0.021606845781207085,
      0.02093927562236786,
      0.020399579778313637,
      0.019958438351750374,
      0.019727248698472977,
      0.01959250308573246,
      0.019190842285752296,
      0.018921755254268646,
      0.018482375890016556,
      0.018173014745116234,
      0.016540514305233955,
      0.016392849385738373,
      0.01591414026916027,
      0.015466402284801006,
      0.015080074779689312
    ]
  },
  "topic_5": {
    "words": [
      "pub",
      "luv",
      "download",
      "two",
      "post",
      "god",
      "read",
      "die",
      "sat",
      "final",
      "mail",
      "person",
      "collect",
      "smile",
      "address",
      "box",
      "stori",
      "there",
      "holiday",
      "treat"
    ],
    "probabilities": [
      0.02064480446279049,
      0.02001211978495121,
      0.019956812262535095,
      0.019358597695827484,
      0.019187914207577705,
      0.018095633015036583,
      0.0180214811116457,
      0.01760486327111721,
      0.01730777695775032,
      0.017144929617643356,
      0.017062369734048843,
      0.015534745529294014,
      0.015424043871462345,
      0.015308607369661331,
      0.014958919025957584,
      0.014939295127987862,
      0.014532229863107204,
      0.013855616562068462,
      0.013815821148455143,
      0.012171023525297642
    ]
  },
  "topic_6": {
    "words": [
      "pa",
      "wine",
      "special",
      "id",
      "import",
      "bed",
      "pm",
      "els",
      "dude",
      "film",
      "stand",
      "mobil",
      "tmr",
      "pound",
      "servic",
      "funni",
      "camera",
      "help",
      "orang",
      "updat"
    ],
    "probabilities": [
      0.032829124480485916,
      0.023514563217759132,
      0.02200113981962204,
      0.02130630426108837,
      0.021077821031212807,
      0.019186869263648987,
      0.01900613307952881,
      0.017583739012479782,
      0.016829730942845345,
      0.01632453314960003,
      0.015553301200270653,
      0.01531687006354332,
      0.014142503030598164,
      0.01385286170989275,
      0.012753544375300407,
      0.01262598391622305,
      0.012429526075720787,
      0.01168157160282135,
      0.011612475849688053,
      0.01112285815179348
    ]
  },
  "topic_7": {
    "words": [
      "movi",
      "may",
      "bu",
      "better",
      "everi",
      "littl",
      "chanc",
      "win",
      "book",
      "chennai",
      "tho",
      "mayb",
      "ltgt",
      "late",
      "wk",
      "havent",
      "tv",
      "get",
      "interest",
      "bring"
    ],
    "probabilities": [
      0.022589966654777527,
      0.01906502991914749,
      0.016191229224205017,
      0.015667622908949852,
      0.014096959494054317,
      0.013801228255033493,
      0.01315468829125166,
      0.011160997673869133,
      0.010538926348090172,
      0.00991633627563715,
      0.009113272652029991,
      0.008344964124262333,
      0.008030850440263748,
      0.007890581153333187,
      0.007889396511018276,
      0.007815022021532059,
      0.007556494325399399,
      0.007430145982652903,
      0.007318618707358837,
      0.00716262636706233
    ]
  },
  "topic_8": {
    "words": [
      "ah",
      "everyth",
      "gud",
      "ha",
      "hello",
      "di",
      "ltgt",
      "even",
      "lot",
      "bu",
      "get",
      "keep",
      "knw",
      "ur",
      "late",
      "girl",
      "stuff",
      "bring",
      "tone",
      "thing"
    ],