{
  "K": 10,
  "alpha": 0.5,
  "beta": 0.01,
  "prior_scale": 1.0,
  "method": "svi",
  "val_accuracy": 0.8265204386839482,
  "val_auc": 0.56278876045549
}