{
  "topic_0": {
    "words": [
      "ok",
      "oki",
      "im",
      "love",
      "get",
      "miss",
      "prob",
      "pa",
      "ur",
      "pub",
      "head",
      "watch",
      "park",
      "go",
      "song",
      "tmr",
      "see",
      "answer",
      "boy",
      "ring"
    ],
    "probabilities": [
      0.048448629677295685,
      0.014018758200109005,
      0.009689541533589363,
      0.009510514326393604,
      0.008238261565566063,
      0.008216489106416702,
      0.008191595785319805,
      0.008021551184356213,
      0.007987798191606998,
      0.007946532219648361,
      0.007766798138618469,
      0.007666165474802256,
      0.0076081533916294575,
      0.007606898434460163,
      0.007521212100982666,
      0.007446063682436943,
      0.007411728147417307,
      0.007403890136629343,
      0.007351296953856945,
      0.0071776257827878
    ]
  },
  "topic_1": {
    "words": [
      "claim",
      "call",
      "live",
      "player",
      "weekend",
      "award",
      "surf",
      "show",
      "play",
      "line",
      "cash",
      "trip",
      "box",
      "tc",
      "train",
      "prize",
      "number",
      "txt",
      "po",
      "draw"
    ],
    "probabilities": [
      0.024168552830815315,
      0.01904064603149891,
      0.016665125265717506,
      0.015976861119270325,
      0.01581304706633091,
      0.01546130795031786,
      0.014567450620234013,
      0.014038033783435822,
      0.013978937640786171,
      0.013384870253503323,
      0.013351608999073505,
      0.013340264558792114,
      0.013146811164915562,
      0.012988565489649773,
      0.012928219512104988,
      0.01231291051954031,
      0.012261046096682549,
      0.01223693322390318,
      0.011950491927564144,
      0.011469422839581966
    ]
  },
  "topic_2": {
    "words": [
      "call",
      "mobil",
      "free",
      "chat",
      "servic",
      "special",
      "contact",
      "rock",
      "stop",
      "txt",
      "ur",
      "noth",
      "cost",
      "mind",
      "sm",
      "date",
      "nokia",
      "collect",
      "send",
      "nd"
    ],
    "probabilities": [
      0.0421135351061821,
      0.02087598294019699,
      0.01831972412765026,
      0.017881853505969048,
      0.014955426566302776,
      0.014322223141789436,
      0.012943277135491371,
      0.012845635414123535,
      0.012476915493607521,
      0.012266598641872406,
      0.012046543881297112,
      0.011649536900222301,
      0.011593769304454327,
      0.011391947977244854,
      0.010670572519302368,
      0.010486212559044361,
      0.010299025103449821,
      0.010257186368107796,
      0.010128384456038475,
      0.00991341657936573
    ]
  },
  "topic_3": {
    "words": [
      "im",
      "got",
      "go",
      "yet",
      "da",
      "how",
      "guess",
      "dinner",
      "havent",
      "rememb",
      "start",
      "job",
      "earli",
      "open",
      "ju",
      "hour",
      "lor",
      "done",
      "watch",
      "wot"
    ],
    "probabilities": [
      0.023257646709680557,
      0.020962269976735115,
      0.019492916762828827,
      0.01712092198431492,
      0.014141222462058067,
      0.013619164004921913,
      0.013267145492136478,
      0.012551908381283283,
      0.011913753114640713,
      0.011833637952804565,
      0.011716263368725777,
      0.011595306918025017,
      0.011324291117489338,
      0.011289501562714577,
      0.011190558783710003,
      0.010954338125884533,
      0.010727413929998875,
      0.010720741003751755,
      0.01068633422255516,
      0.010251280851662159
    ]
  },
  "topic_4": {
    "words": [
      "day",
      "come",
      "great",
      "im",
      "that",
      "get",
      "go",
      "probabl",
      "dont",
      "place",
      "find",
      "long",
      "want",
      "one",
      "gud",
      "take",
      "yeah",
      "home",
      "might",
      "ever"
    ],
    "probabilities": [
      0.018716609105467796,
      0.018207596614956856,
      0.01784656010568142,
      0.017760859802365303,
      0.0159669890999794,
      0.013549157418310642,
      0.012432962656021118,
      0.011278832331299782,
      0.011133321560919285,
      0.011095279827713966,
      0.01090059895068407,
      0.010534907691180706,
      0.010185248218476772,
      0.010134192183613777,
      0.010116612538695335,
      0.009820498526096344,
      0.00974824745208025,
      0.009699113667011261,
      0.009589238092303276,
      0.009319784119725227
    ]
  },
  "topic_5": {
    "words": [
      "call",
      "ltgt",
      "im",
      "much",
      "pleas",
      "oh",
      "got",
      "ok",
      "free",
      "text",
      "happen",
      "ur",
      "thanx",
      "hi",
      "get",
      "pick",
      "msg",
      "thank",
      "plan",
      "come"
    ],
    "probabilities": [
      0.03323129564523697,
      0.027179809287190437,
      0.024035552516579628,
      0.02070852741599083,
      0.0175407025963068,
      0.016722898930311203,
      0.016448209062218666,
      0.01609322987496853,
      0.015931839123368263,
      0.015317259356379509,
      0.014538044109940529,
      0.014526572078466415,
      0.01424887403845787,
      0.014242219738662243,
      0.01416818518191576,
      0.01402126532047987,
      0.013354970142245293,
      0.013173697516322136,
      0.012508261017501354,
      0.012289556674659252
    ]
  },
  "topic_6": {
    "words": [
      "sent",
      "week",
      "worri",
      "st",
      "hold",
      "peopl",
      "id",
      "exam",
      "pic",
      "take",
      "busi",
      "hr",
      "juz",
      "may",
      "drug",
      "search",
      "slept",
      "si",
      "thk",
      "she"
    ],
    "probabilities": [
      0.0365542396903038,
      0.031169332563877106,
      0.02154124714434147,
      0.01961071789264679,
      0.017970187589526176,
      0.017623500898480415,
      0.017584852874279022,
      0.01690269447863102,
      0.016858713701367378,
      0.01490525621920824,
      0.01454413216561079,
      0.01284340675920248,
      0.012261690571904182,
      0.011914839968085289,
      0.011474939063191414,
      0.010972944088280201,
      0.01066523790359497,
      0.010541293770074844,
      0.010424521751701832,
      0.010401899926364422
    ]
  },
  "topic_7": {
    "words": [
      "wish",
      "hello",
      "best",
      "late",
      "doesnt",
      "there",
      "school",
      "close",
      "wake",
      "decid",
      "address",
      "regard",
      "convey",
      "noe",
      "eat",
      "anytim",
      "test",
      "away",
      "huh",
      "mom"
    ],
    "probabilities": [
      0.028317788615822792,
      0.027829520404338837,
      0.025195401161909103,
      0.023791076615452766,
      0.02261877991259098,
      0.02261064201593399,
      0.022217076271772385,
      0.019234951585531235,
      0.01880602352321148,
      0.018634146079421043,
      0.018048904836177826,
      0.017680175602436066,
      0.017536519095301628,
      0.017500070855021477,
      0.017187118530273438,
      0.01696731150150299,
      0.01641913503408432,
      0.016352752223610878,
      0.015872694551944733,
      0.015838978812098503
    ]
  },
  "topic_8": {
    "words": [
      "guy",
      "aight",
      "sir",
      "okay",
      "anoth",
      "birthday",
      "haha",
      "came",
      "lar",
      "brother",
      "caus",
      "onlin",
      "mani",
      "di",
      "saw",
      "anyway",
      "sinc",
      "luv",
      "dunno",
      "awesom"
    ],