{
  "K": 20,
  "alpha": 1.0,
  "beta": 0.01,
  "prior_scale": 1.0,
  "method": "svi",
  "val_accuracy": 0.47028320702034304,
  "val_auc": 0.5049879636331732
}