{
  "K": 15,
  "alpha": 0.5,
  "beta": 0.01,
  "prior_scale": 0.1,
  "method": "mcmc",
  "val_accuracy": 0.8664007976071785,
  "val_auc": 0.9571732820363087
}