{
  "topic_0": {
    "words": [
      "call",
      "free",
      "ur",
      "week",
      "txt",
      "repli",
      "prize",
      "urgent",
      "mean",
      "text",
      "tone",
      "cash",
      "claim",
      "contact",
      "everi",
      "half",
      "mobil",
      "st",
      "new",
      "per"
    ],
    "probabilities": [
      0.020004868507385254,
      0.017122915014624596,
      0.014937751926481724,
      0.012829810380935669,
      0.011350476182997227,
      0.010322444140911102,
      0.009836532175540924,
      0.009321455843746662,
      0.008637798018753529,
      0.008626104332506657,
      0.008306220173835754,
      0.008228147402405739,
      0.0077835507690906525,
      0.007528447546064854,
      0.007291027344763279,
      0.007238719146698713,
      0.007118633948266506,
      0.006653514225035906,
      0.0066255428828299046,
      0.006461538374423981
    ]
  },
  "topic_1": {
    "words": [
      "lor",
      "go",
      "got",
      "yet",
      "late",
      "start",
      "havent",
      "drive",
      "wan",
      "wanna",
      "show",
      "what",
      "ah",
      "yo",
      "alreadi",
      "finish",
      "babi",
      "nite",
      "abt",
      "ju"
    ],
    "probabilities": [
      0.017726723104715347,
      0.01677730306982994,
      0.012731448747217655,
      0.012501982040703297,
      0.012168698012828827,
      0.010554226115345955,
      0.010228597559034824,
      0.009778104722499847,
      0.009335017763078213,
      0.00879735592752695,
      0.008653448894619942,
      0.008608478121459484,
      0.00846925564110279,
      0.008068193681538105,
      0.008036605082452297,
      0.008017543703317642,
      0.007934431545436382,
      0.007862207479774952,
      0.007664129137992859,
      0.007592149544507265
    ]
  },
  "topic_2": {
    "words": [
      "pa",
      "went",
      "cost",
      "earli",
      "pay",
      "movi",
      "song",
      "offic",
      "rock",
      "de",
      "better",
      "dude",
      "player",
      "txt",
      "food",
      "mind",
      "receiv",
      "xxx",
      "test",
      "pm"
    ],
    "probabilities": [
      0.019003694877028465,
      0.015975914895534515,
      0.013752151280641556,
      0.012936626560986042,
      0.012791911140084267,
      0.012706594541668892,
      0.012501991353929043,
      0.011552834883332253,
      0.011543137952685356,
      0.011368541046977043,
      0.011006156913936138,
      0.010946329683065414,
      0.010808809660375118,
      0.010805678553879261,
      0.01064385287463665,
      0.010593676939606667,
      0.010591568425297737,
      0.010395404882729053,
      0.01028420589864254,
      0.01010878011584282
    ]
  },
  "topic_3": {
    "words": [
      "wish",
      "minut",
      "haha",
      "special",
      "month",
      "bring",
      "never",
      "actual",
      "play",
      "gud",
      "life",
      "big",
      "someon",
      "question",
      "man",
      "said",
      "school",
      "bed",
      "pl",
      "speak"
    ],
    "probabilities": [
      0.016392245888710022,
      0.01612355187535286,
      0.015120875090360641,
      0.013393566012382507,
      0.012811915017664433,
      0.012780352495610714,
      0.012073180638253689,
      0.0115590775385499,
      0.011478206142783165,
      0.011453753337264061,
      0.011226164177060127,
      0.010821424424648285,
      0.010397328063845634,
      0.010084490291774273,
      0.009552660398185253,
      0.009014704264700413,
      0.008989877998828888,
      0.00896616093814373,
      0.00894288532435894,
      0.008512033149600029
    ]
  },
  "topic_4": {
    "words": [
      "well",
      "check",
      "leav",
      "guy",
      "stop",
      "right",
      "tonight",
      "watch",
      "gonna",
      "rememb",
      "amp",
      "problem",
      "bu",
      "thought",
      "bit",
      "probabl",
      "long",
      "hous",
      "might",
      "dinner"
    ],
    "probabilities": [
      0.026366397738456726,
      0.02565188519656658,
      0.021183056756854057,
      0.019850008189678192,
      0.017600469291210175,
      0.017057301476597786,
      0.016979288309812546,
      0.01679995097219944,
      0.016661886125802994,
      0.014571012929081917,
      0.014225882478058338,
      0.013967473059892654,
      0.013564630411565304,
      0.012558282352983952,
      0.012357160449028015,
      0.012304553762078285,
      0.012276551686227322,
      0.011937492527067661,
      0.011597483418881893,
      0.011493099853396416
    ]
  },
  "topic_5": {
    "words": [
      "im",
      "call",
      "come",
      "work",
      "pleas",
      "love",
      "time",
      "dont",
      "cant",
      "ye",
      "messag",
      "sorri",
      "home",
      "one",
      "ltgt",
      "get",
      "send",
      "tomorrow",
      "done",
      "would"
    ],
    "probabilities": [
      0.03718525916337967,
      0.0368545800447464,
      0.033440567553043365,
      0.023482367396354675,
      0.022780323401093483,
      0.021666137501597404,
      0.020349187776446342,
      0.01990482211112976,
      0.01784815825521946,
      0.017378265038132668,
      0.017152264714241028,
      0.017047816887497902,
      0.01608206331729889,
      0.015882162377238274,
      0.01586783677339554,
      0.012758258730173111,
      0.012464217841625214,
      0.01217143889516592,
      0.010304965078830719,
      0.010270841419696808
    ]
  },
  "topic_6": {
    "words": [
      "much",
      "care",
      "hope",
      "ok",
      "way",
      "babe",
      "ya",
      "realli",
      "happen",
      "cool",
      "take",
      "even",
      "sleep",
      "nice",
      "want",
      "day",
      "im",
      "yup",
      "good",
      "go"
    ],
    "probabilities": [
      0.02696736715734005,
      0.022901104763150215,
      0.021918561309576035,
      0.021356618031859398,
      0.020927507430315018,
      0.01991887576878071,
      0.019492438063025475,
      0.019378211349248886,
      0.017954817041754723,
      0.01664944738149643,
      0.01660027727484703,
      0.01607593521475792,
      0.01591465435922146,
      0.015455283224582672,
      0.014280464500188828,
      0.013297058641910553,
      0.013295137323439121,
      0.012506681494414806,
      0.012489702552556992,
      0.01245504803955555
    ]
  },
  "topic_7": {
    "words": [
      "ok",
      "later",
      "go",
      "good",
      "dear",
      "wat",
      "hi",
      "ill",
      "happi",
      "great",
      "talk",
      "meet",
      "today",
      "call",
      "plan",
      "anyth",
      "da",
      "sent",
      "like",
      "want"
    ],
    "probabilities": [
      0.045140210539102554,
      0.027032271027565002,
      0.0238173920661211,
      0.023138491436839104,
      0.022391168400645256,
      0.02219449169933796,
      0.02192791923880577,
      0.021167846396565437,
      0.019469620659947395,
      0.019152482971549034,
      0.018159156665205956,
      0.016918903216719627,
      0.01639312505722046,
      0.016294781118631363,
      0.01617364212870598,
      0.01613544300198555,
      0.015797030180692673,
      0.015787389129400253,
      0.015379032120108604,
      0.014563330449163914
    ]
  },
  "topic_8": {
    "words": [
      "someth",
      "oki",
      "car",
      "pick",
      "guess",
      "room",
      "ok",
      "thanx",
      "told",
      "ill",
      "reach",
      "that",
      "number",
      "tell",
      "know",
      "sure",
      "im",
      "still",
      "call",
      "get"
    ],