{
  "K": 10,
  "alpha": 1.0,
  "beta": 0.1,
  "prior_scale": 1.0,
  "method": "mcmc",
  "val_accuracy": 0.8664007976071785,
  "val_auc": 0.8388008175463305
}