{
  "topic_0": {
    "words": [
      "call",
      "free",
      "mobil",
      "txt",
      "ur",
      "tri",
      "claim",
      "servic",
      "text",
      "custom",
      "award",
      "contact",
      "collect",
      "prize",
      "urgent",
      "number",
      "phone",
      "messag",
      "nokia",
      "wait"
    ],
    "probabilities": [
      0.04261567071080208,
      0.029623301699757576,
      0.015148892998695374,
      0.014161739498376846,
      0.013478261418640614,
      0.013028634712100029,
      0.012757841497659683,
      0.011685416102409363,
      0.011046694591641426,
      0.009354586713016033,
      0.009177842177450657,
      0.009135122410953045,
      0.00901036337018013,
      0.008730174042284489,
      0.008361374959349632,
      0.008269236423075199,
      0.00823203194886446,
      0.008029269985854626,
      0.008003712631762028,
      0.007976513355970383
    ]
  },
  "topic_1": {
    "words": [
      "wish",
      "get",
      "need",
      "minut",
      "chennai",
      "come",
      "tampa",
      "pain",
      "today",
      "without",
      "amt",
      "head",
      "old",
      "came",
      "peopl",
      "away",
      "book",
      "pub",
      "go",
      "sad"
    ],
    "probabilities": [
      0.01849178969860077,
      0.011565953493118286,
      0.011208483949303627,
      0.010270518250763416,
      0.009286724030971527,
      0.009051294066011906,
      0.009041198529303074,
      0.009010590612888336,
      0.008933079428970814,
      0.008913883939385414,
      0.008910225704312325,
      0.008828472346067429,
      0.008722000755369663,
      0.008721940219402313,
      0.008667279034852982,
      0.008661122992634773,
      0.008591492660343647,
      0.008459024131298065,
      0.008421169593930244,
      0.00838610902428627
    ]
  },
  "topic_2": {
    "words": [
      "ltgt",
      "got",
      "get",
      "wat",
      "go",
      "way",
      "im",
      "buy",
      "meet",
      "yet",
      "day",
      "class",
      "place",
      "da",
      "noth",
      "yeah",
      "plan",
      "like",
      "late",
      "room"
    ],
    "probabilities": [
      0.0382612943649292,
      0.02957690879702568,
      0.028983021154999733,
      0.026517994701862335,
      0.025280822068452835,
      0.024739012122154236,
      0.022109346464276314,
      0.01837189868092537,
      0.01752268522977829,
      0.015478573739528656,
      0.014099249616265297,
      0.012365573085844517,
      0.011963587254285812,
      0.011670404113829136,
      0.011237862519919872,
      0.011072811670601368,
      0.010806264355778694,
      0.010740273632109165,
      0.010173852555453777,
      0.01003399956971407
    ]
  },
  "topic_3": {
    "words": [
      "lor",
      "go",
      "alreadi",
      "oki",
      "ok",
      "long",
      "finish",
      "thanx",
      "havent",
      "tomorrow",
      "wan",
      "yup",
      "come",
      "nite",
      "ju",
      "surf",
      "mani",
      "song",
      "oh",
      "dun"
    ],
    "probabilities": [
      0.027984829619526863,
      0.020972840487957,
      0.01765594072639942,
      0.01759728044271469,
      0.017033448442816734,
      0.014823735691606998,
      0.014415854588150978,
      0.014327047392725945,
      0.012478451244533062,
      0.011698179878294468,
      0.011572473682463169,
      0.01146029494702816,
      0.01120701339095831,
      0.010778271593153477,
      0.010758382268249989,
      0.010537114925682545,
      0.010340126231312752,
      0.009848302230238914,
      0.009812490083277225,
      0.009717988781630993
    ]
  },
  "topic_4": {
    "words": [
      "love",
      "would",
      "im",
      "gonna",
      "win",
      "person",
      "gud",
      "someon",
      "heart",
      "need",
      "alway",
      "send",
      "cost",
      "give",
      "know",
      "xxx",
      "guess",
      "girl",
      "wot",
      "everi"
    ],
    "probabilities": [
      0.01901605725288391,
      0.017320770770311356,
      0.015712104737758636,
      0.01569228433072567,
      0.015401302836835384,
      0.01502226758748293,
      0.014903472736477852,
      0.014353098347783089,
      0.01355289202183485,
      0.01336962915956974,
      0.013296611607074738,
      0.013022147119045258,
      0.012949961237609386,
      0.012874589301645756,
      0.012606946751475334,
      0.012263466604053974,
      0.012256477028131485,
      0.011901355348527431,
      0.011848815716803074,
      0.011526498012244701
    ]
  },
  "topic_5": {
    "words": [
      "thank",
      "hey",
      "anyth",
      "happen",
      "how",
      "talk",
      "fine",
      "wont",
      "realli",
      "chat",
      "told",
      "nice",
      "start",
      "stop",
      "name",
      "babe",
      "keep",
      "use",
      "tell",
      "fun"
    ],
    "probabilities": [
      0.0365368016064167,
      0.03571270778775215,
      0.029583971947431564,
      0.02781691402196884,
      0.023185931146144867,
      0.022819144651293755,
      0.02230931632220745,
      0.021155763417482376,
      0.02022949792444706,
      0.019384874030947685,
      0.017185814678668976,
      0.016410930082201958,
      0.01629238948225975,
      0.016292063519358635,
      0.015699446201324463,
      0.014869324862957,
      0.013985333032906055,
      0.013336127623915672,
      0.012533552013337612,
      0.012129632756114006
    ]
  },
  "topic_6": {
    "words": [
      "ok",
      "want",
      "see",
      "hi",
      "said",
      "care",
      "love",
      "cool",
      "hour",
      "show",
      "drive",
      "also",
      "ask",
      "account",
      "babi",
      "bring",
      "ya",
      "ur",
      "point",
      "plan"
    ],
    "probabilities": [
      0.1086304634809494,
      0.07223012298345566,
      0.056832291185855865,
      0.037323690950870514,
      0.028596412390470505,
      0.02278929017484188,
      0.02185637317597866,
      0.020971668884158134,
      0.020247459411621094,
      0.01877721957862377,
      0.01814618706703186,
      0.01680023968219757,
      0.01672545075416565,
      0.016059786081314087,
      0.015460136346518993,
      0.013429392129182816,
      0.013024847954511642,
      0.012616029940545559,
      0.012428419664502144,
      0.010772256180644035
    ]
  },
  "topic_7": {
    "words": [
      "call",
      "ill",
      "im",
      "sorri",
      "good",
      "come",
      "much",
      "dear",
      "later",
      "know",
      "today",
      "home",
      "get",
      "time",
      "well",
      "pleas",
      "that",
      "go",
      "take",
      "ye"
    ],
    "probabilities": [
      0.05660339817404747,
      0.03684538975358009,
      0.03470539301633835,
      0.034001629799604416,
      0.03183502331376076,
      0.03137689828872681,
      0.028143376111984253,
      0.027747467160224915,
      0.027290187776088715,
      0.025651726871728897,
      0.023056169971823692,
      0.02172739803791046,
      0.02100510150194168,
      0.01921713724732399,
      0.018187494948506355,
      0.01767195761203766,
      0.017079565674066544,
      0.016263911500573158,
      0.016093416139483452,
      0.014523010700941086
    ]
  },
  "topic_8": {
    "words": [
      "pick",
      "right",
      "sent",
      "messag",
      "done",
      "tonight",
      "went",
      "number",
      "around",
      "send",
      "check",
      "night",
      "us",
      "anoth",
      "there",
      "still",
      "open",
      "soon",
      "email",
      "friend"
    ],