{
  "K": 10,
  "alpha": 0.1,
  "beta": 0.1,
  "prior_scale": 0.1,
  "method": "svi",
  "val_accuracy": 0.5902293120638086,
  "val_auc": 0.49459406076636375
}