{
  "K": 5,
  "alpha": 0.5,
  "beta": 0.01,
  "prior_scale": 0.1,
  "method": "svi",
  "val_accuracy": 0.4167497507477567,
  "val_auc": 0.5205674733352799
}