{
  "topic_0": {
    "words": [
      "ok",
      "go",
      "im",
      "come",
      "get",
      "call",
      "ill",
      "want",
      "day",
      "ltgt",
      "time",
      "dear",
      "home",
      "lor",
      "much",
      "send",
      "got",
      "good",
      "one",
      "need"
    ],
    "probabilities": [
      0.026114651933312416,
      0.01592118665575981,
      0.015880759805440903,
      0.013246724382042885,
      0.013244956731796265,
      0.012759232893586159,
      0.010046279989182949,
      0.00987888965755701,
      0.008888478390872478,
      0.008660261519253254,
      0.008646170608699322,
      0.007867594249546528,
      0.007653268985450268,
      0.007489255163818598,
      0.007252029608935118,
      0.006929540541023016,
      0.006830326281487942,
      0.006784913130104542,
      0.006571204401552677,
      0.006526895333081484
    ]
  },
  "topic_1": {
    "words": [
      "call",
      "like",
      "im",
      "ill",
      "sorri",
      "come",
      "dont",
      "ur",
      "get",
      "go",
      "know",
      "later",
      "plan",
      "time",
      "work",
      "got",
      "home",
      "way",
      "love",
      "see"
    ],
    "probabilities": [
      0.03029809147119522,
      0.019828567281365395,
      0.018662147223949432,
      0.01775054819881916,
      0.016720004379749298,
      0.01593019999563694,
      0.014202594757080078,
      0.014119494706392288,
      0.012910260818898678,
      0.012495511211454868,
      0.012224814854562283,
      0.011742018163204193,
      0.011418690904974937,
      0.011321832425892353,
      0.010988355614244938,
      0.010640659369528294,
      0.01046149991452694,
      0.010391844436526299,
      0.01032406184822321,
      0.010026168078184128
    ]
  },
  "topic_2": {
    "words": [
      "wat",
      "lor",
      "go",
      "come",
      "check",
      "buy",
      "problem",
      "ye",
      "told",
      "car",
      "noth",
      "ok",
      "late",
      "tell",
      "good",
      "bu",
      "hi",
      "ltgt",
      "pay",
      "yo"
    ],
    "probabilities": [
      0.02595529891550541,
      0.017845017835497856,
      0.017435738816857338,
      0.013065698556602001,
      0.012775751762092113,
      0.012706662528216839,
      0.012546414509415627,
      0.012505417689681053,
      0.012186209671199322,
      0.012159598059952259,
      0.012081733904778957,
      0.011959288269281387,
      0.011842375621199608,
      0.010958494618535042,
      0.010851062834262848,
      0.010543828830122948,
      0.010338956490159035,
      0.009861691854894161,
      0.009673706255853176,
      0.009328032843768597
    ]
  },
  "topic_3": {
    "words": [
      "happen",
      "im",
      "how",
      "gonna",
      "night",
      "what",
      "good",
      "around",
      "even",
      "bit",
      "probabl",
      "sure",
      "cool",
      "babi",
      "bring",
      "fun",
      "your",
      "alway",
      "wot",
      "left"
    ],
    "probabilities": [
      0.016798842698335648,
      0.014615795575082302,
      0.014395011588931084,
      0.014029965735971928,
      0.013639540411531925,
      0.012443188577890396,
      0.012041539885103703,
      0.011219211854040623,
      0.01099316030740738,
      0.010755855590105057,
      0.010617759078741074,
      0.010483426041901112,
      0.010370469652116299,
      0.010287138633430004,
      0.010196162387728691,
      0.00953796785324812,
      0.009255850687623024,
      0.009175851009786129,
      0.009016172029078007,
      0.008799000643193722
    ]
  },
  "topic_4": {
    "words": [
      "true",
      "nite",
      "half",
      "saw",
      "luv",
      "pretti",
      "avail",
      "caus",
      "leh",
      "second",
      "suppos",
      "hour",
      "busi",
      "crazi",
      "whatev",
      "question",
      "mayb",
      "first",
      "answer",
      "game"
    ],
    "probabilities": [
      0.028467828407883644,
      0.026734380051493645,
      0.025454320013523102,
      0.02504906617105007,
      0.023473750799894333,
      0.023159531876444817,
      0.020877722650766373,
      0.020649923011660576,
      0.020509028807282448,
      0.020062683150172234,
      0.020053252577781677,
      0.019373035058379173,
      0.01910754293203354,
      0.01887497678399086,
      0.018377237021923065,
      0.016904352232813835,
      0.014811777509748936,
      0.014278862625360489,
      0.013164378702640533,
      0.010428519919514656
    ]
  },
  "topic_5": {
    "words": [
      "went",
      "lei",
      "trip",
      "complet",
      "big",
      "mum",
      "old",
      "she",
      "god",
      "peopl",
      "neva",
      "dunno",
      "run",
      "final",
      "world",
      "campu",
      "appli",
      "also",
      "wan",
      "delet"
    ],
    "probabilities": [
      0.049424272030591965,
      0.029842033982276917,
      0.027914030477404594,
      0.026104504242539406,
      0.025338809937238693,
      0.022768057882785797,
      0.022679559886455536,
      0.022257044911384583,
      0.021756041795015335,
      0.02056518942117691,
      0.020472867414355278,
      0.01930730603635311,
      0.01733754761517048,
      0.015927165746688843,
      0.01464392151683569,
      0.013971627689898014,
      0.013416459783911705,
      0.012234523892402649,
      0.010986720211803913,
      0.01022252906113863
    ]
  },
  "topic_6": {
    "words": [
      "yet",
      "help",
      "ju",
      "rememb",
      "chat",
      "guess",
      "readi",
      "train",
      "free",
      "text",
      "bed",
      "live",
      "id",
      "stop",
      "havent",
      "join",
      "import",
      "date",
      "msg",
      "call"
    ],
    "probabilities": [
      0.02547466941177845,
      0.019267233088612556,
      0.01740983873605728,
      0.016986899077892303,
      0.016492703929543495,
      0.0161651112139225,
      0.015337305143475533,
      0.01488998532295227,
      0.013491414487361908,
      0.01308829803019762,
      0.012654097750782967,
      0.012552968226373196,
      0.012382633984088898,
      0.012347814626991749,
      0.011826908215880394,
      0.01117620337754488,
      0.011145601980388165,
      0.011139730922877789,
      0.009381229057908058,
      0.00921185128390789
    ]
  },
  "topic_7": {
    "words": [
      "never",
      "prize",
      "win",
      "txt",
      "contact",
      "claim",
      "special",
      "draw",
      "cash",
      "urgent",
      "pic",
      "chanc",
      "voucher",
      "easi",
      "award",
      "pound",
      "yr",
      "ur",
      "guarante",
      "attempt"
    ],
    "probabilities": [
      0.027648190036416054,
      0.027240775525569916,
      0.027097444981336594,
      0.024842102080583572,
      0.024778343737125397,
      0.024610571563243866,
      0.020722616463899612,
      0.019502919167280197,
      0.017096197232604027,
      0.016923554241657257,
      0.01570136658847332,
      0.015394790098071098,
      0.01442242693156004,
      0.014189038425683975,
      0.013581106439232826,
      0.012831459753215313,
      0.012003114446997643,
      0.011024024337530136,
      0.010934717021882534,
      0.010269733145833015
    ]
  },
  "topic_8": {
    "words": [
      "mobil",
      "custom",
      "tone",
      "txt",
      "servic",
      "nokia",
      "free",
      "sm",
      "pleas",
      "rington",
      "receiv",
      "messag",
      "collect",
      "call",
      "week",
      "order",
      "repli",
      "text",
      "nd",
      "ur"
    ],