{
  "K": 5,
  "alpha": 1.0,
  "beta": 0.5,
  "prior_scale": 0.1,
  "method": "svi",
  "val_accuracy": 0.5304087736789631,
  "val_auc": 0.49067808254469886
}