{
  "topic_0": {
    "words": [
      "ok",
      "go",
      "im",
      "get",
      "call",
      "time",
      "still",
      "come",
      "ill",
      "ltgt",
      "lor",
      "want",
      "good",
      "need",
      "dont",
      "ur",
      "take",
      "sorri",
      "dear",
      "today"
    ],
    "probabilities": [
      0.02890688180923462,
      0.01921914890408516,
      0.018659939989447594,
      0.01457786001265049,
      0.011789258569478989,
      0.011030344292521477,
      0.010633389465510845,
      0.010559329763054848,
      0.009886274114251137,
      0.008399289101362228,
      0.008112020790576935,
      0.008070121519267559,
      0.007555775344371796,
      0.0075232102535665035,
      0.007405662909150124,
      0.007397368550300598,
      0.007351171690970659,
      0.007216464728116989,
      0.006955782417207956,
      0.006850698962807655
    ]
  },
  "topic_1": {
    "words": [
      "im",
      "know",
      "want",
      "name",
      "heart",
      "long",
      "hello",
      "get",
      "go",
      "guy",
      "come",
      "shall",
      "what",
      "got",
      "nope",
      "tell",
      "join",
      "better",
      "tampa",
      "babe"
    ],
    "probabilities": [
      0.019394423812627792,
      0.0192080307751894,
      0.013749856501817703,
      0.011902684345841408,
      0.010559228248894215,
      0.01041322574019432,
      0.010124227963387966,
      0.009935080073773861,
      0.009490789845585823,
      0.009476508013904095,
      0.009016906842589378,
      0.008554823696613312,
      0.008497960865497589,
      0.008270631544291973,
      0.007896559312939644,
      0.007745728362351656,
      0.007673630025237799,
      0.007661831099539995,
      0.007606680504977703,
      0.00746133690699935
    ]
  },
  "topic_2": {
    "words": [
      "good",
      "ye",
      "love",
      "thank",
      "morn",
      "meet",
      "ya",
      "account",
      "bring",
      "see",
      "real",
      "hour",
      "point",
      "word",
      "also",
      "complet",
      "wanna",
      "wine",
      "class",
      "hold"
    ],
    "probabilities": [
      0.02562340721487999,
      0.021241983398795128,
      0.01746491529047489,
      0.016769880428910255,
      0.016292646527290344,
      0.01597033441066742,
      0.01565268263220787,
      0.014549200423061848,
      0.014131634496152401,
      0.013432251289486885,
      0.013231451623141766,
      0.013147689402103424,
      0.01292582880705595,
      0.0126631585881114,
      0.011330453678965569,
      0.010952611453831196,
      0.010926875285804272,
      0.010790825821459293,
      0.010640710592269897,
      0.010451940819621086
    ]
  },
  "topic_3": {
    "words": [
      "call",
      "txt",
      "free",
      "mobil",
      "ur",
      "claim",
      "text",
      "stop",
      "today",
      "new",
      "pleas",
      "win",
      "award",
      "way",
      "prize",
      "repli",
      "messag",
      "urgent",
      "nokia",
      "tone"
    ],
    "probabilities": [
      0.05093982815742493,
      0.024022961035370827,
      0.023143501952290535,
      0.016503073275089264,
      0.015175431966781616,
      0.013367120176553726,
      0.011182394810020924,
      0.010874217376112938,
      0.010789058171212673,
      0.010605508461594582,
      0.010103101842105389,
      0.00963528547435999,
      0.009595406241714954,
      0.009440992027521133,
      0.009420027956366539,
      0.009380779229104519,
      0.009026157669723034,
      0.008761965669691563,
      0.008753024972975254,
      0.008591859601438046
    ]
  },
  "topic_4": {
    "words": [
      "make",
      "went",
      "pick",
      "happen",
      "sure",
      "well",
      "remain",
      "girl",
      "your",
      "awesom",
      "anoth",
      "yeah",
      "got",
      "th",
      "said",
      "avail",
      "littl",
      "enough",
      "servic",
      "thing"
    ],
    "probabilities": [
      0.01811985671520233,
      0.016658827662467957,
      0.015187544748187065,
      0.015111902728676796,
      0.015031827613711357,
      0.014344273135066032,
      0.011939655058085918,
      0.011902828700840473,
      0.011661727912724018,
      0.011175102554261684,
      0.009511549957096577,
      0.008854974061250687,
      0.008767942897975445,
      0.008750959299504757,
      0.008749124594032764,
      0.00869371835142374,
      0.008566509000957012,
      0.00856428686529398,
      0.008545770309865475,
      0.00812787376344204
    ]
  },
  "topic_5": {
    "words": [
      "fine",
      "earli",
      "ju",
      "shop",
      "weekend",
      "dad",
      "wot",
      "lei",
      "might",
      "hungri",
      "gonna",
      "xxx",
      "amt",
      "finish",
      "babi",
      "liao",
      "pa",
      "yo",
      "ring",
      "normal"
    ],
    "probabilities": [
      0.027010740712285042,
      0.025042619556188583,
      0.024932799860835075,
      0.02262292057275772,
      0.02179523929953575,
      0.02101823501288891,
      0.020747670903801918,
      0.02070840448141098,
      0.01878429763019085,
      0.018478266894817352,
      0.01777179352939129,
      0.017589161172509193,
      0.017164332792162895,
      0.016828207299113274,
      0.016322070732712746,
      0.01604902558028698,
      0.015944918617606163,
      0.015116640366613865,
      0.01493165735155344,
      0.014465223997831345
    ]
  },
  "topic_6": {
    "words": [
      "nite",
      "prob",
      "readi",
      "would",
      "put",
      "di",
      "alreadi",
      "game",
      "hand",
      "gud",
      "alrit",
      "irrit",
      "mode",
      "rite",
      "plu",
      "msg",
      "read",
      "hey",
      "face",
      "plz"
    ],
    "probabilities": [
      0.039579182863235474,
      0.03466104716062546,
      0.032094527035951614,
      0.023945925757288933,
      0.023410972207784653,
      0.022717345505952835,
      0.020013269037008286,
      0.01997230015695095,
      0.018102724105119705,
      0.016861872747540474,
      0.013738865964114666,
      0.013668134808540344,
      0.012996981851756573,
      0.012385101057589054,
      0.010947874747216702,
      0.01012411154806614,
      0.009903890080749989,
      0.008836577646434307,
      0.00878311786800623,
      0.008503825403749943
    ]
  },
  "topic_7": {
    "words": [
      "hear",
      "live",
      "ah",
      "question",
      "special",
      "left",
      "speak",
      "person",
      "caus",
      "select",
      "park",
      "answer",
      "stori",
      "pm",
      "first",
      "tire",
      "simpl",
      "ltgt",
      "listen",
      "co"
    ],
    "probabilities": [
      0.04241908714175224,
      0.04227476939558983,
      0.03888193145394325,
      0.03425198048353195,
      0.034047551453113556,
      0.03383293002843857,
      0.033724453300237656,
      0.0230928435921669,
      0.02214774489402771,
      0.021170632913708687,
      0.018625933676958084,
      0.01781355030834675,
      0.01749102957546711,
      0.01719444990158081,
      0.01678520068526268,
      0.01629784144461155,
      0.014104611240327358,
      0.00899375881999731,
      0.008799954317510128,
      0.008320271037518978
    ]
  },
  "topic_8": {
    "words": [
      "noth",
      "yup",
      "like",
      "mani",
      "how",
      "hi",
      "ltgt",
      "home",
      "got",
      "dont",
      "drive",
      "come",
      "work",
      "time",
      "per",
      "much",
      "hey",
      "later",
      "that",
      "probabl"
    ],