{
  "topic_0": {
    "words": [
      "call",
      "ok",
      "im",
      "go",
      "come",
      "get",
      "ill",
      "got",
      "ltgt",
      "good",
      "want",
      "time",
      "know",
      "dont",
      "home",
      "sorri",
      "like",
      "later",
      "see",
      "day"
    ],
    "probabilities": [
      0.021883998066186905,
      0.021813420578837395,
      0.02046923339366913,
      0.01773711107671261,
      0.014986541122198105,
      0.014636760577559471,
      0.011394207365810871,
      0.010470936074852943,
      0.010207138024270535,
      0.010108498856425285,
      0.010097678750753403,
      0.009272515773773193,
      0.009204376488924026,
      0.009081443771719933,
      0.008950886316597462,
      0.008880655281245708,
      0.008788051083683968,
      0.0073807151056826115,
      0.00718360161408782,
      0.007169270422309637
    ]
  },
  "topic_1": {
    "words": [
      "drive",
      "pay",
      "yo",
      "train",
      "amp",
      "tv",
      "head",
      "nope",
      "haf",
      "true",
      "there",
      "wake",
      "school",
      "hungri",
      "walk",
      "import",
      "ltdecimalgt",
      "luv",
      "hold",
      "read"
    ],
    "probabilities": [
      0.01701069436967373,
      0.016226867213845253,
      0.015428563579916954,
      0.013465807773172855,
      0.013281010091304779,
      0.013040202669799328,
      0.012820777483284473,
      0.012710388749837875,
      0.012624992989003658,
      0.012318230234086514,
      0.012231341563165188,
      0.012134239077568054,
      0.01168527640402317,
      0.011169176548719406,
      0.010821126401424408,
      0.01052786037325859,
      0.01023472473025322,
      0.010210336185991764,
      0.009867634624242783,
      0.009713116101920605
    ]
  },
  "topic_2": {
    "words": [
      "play",
      "week",
      "everi",
      "hour",
      "win",
      "tone",
      "txt",
      "chanc",
      "question",
      "full",
      "ur",
      "worri",
      "st",
      "free",
      "seem",
      "wk",
      "answer",
      "mayb",
      "caus",
      "convey"
    ],
    "probabilities": [
      0.016407057642936707,
      0.015913430601358414,
      0.015843551605939865,
      0.015368164516985416,
      0.014983209781348705,
      0.014808092266321182,
      0.01472561340779066,
      0.013106364756822586,
      0.012670822441577911,
      0.012557292357087135,
      0.011918365024030209,
      0.01156647503376007,
      0.011493020690977573,
      0.011458959430456161,
      0.011289406567811966,
      0.010422107763588428,
      0.010311024263501167,
      0.010298597626388073,
      0.009967264719307423,
      0.009695064276456833
    ]
  },
  "topic_3": {
    "words": [
      "car",
      "havent",
      "ah",
      "hous",
      "lol",
      "movi",
      "dun",
      "actual",
      "lor",
      "cool",
      "dunno",
      "your",
      "great",
      "lei",
      "got",
      "like",
      "shop",
      "mean",
      "anyway",
      "old"
    ],
    "probabilities": [
      0.01714656874537468,
      0.014963926747441292,
      0.013710704632103443,
      0.013583372347056866,
      0.012256840243935585,
      0.012109893374145031,
      0.011900810524821281,
      0.011630871333181858,
      0.011564472690224648,
      0.011168735101819038,
      0.01106004323810339,
      0.010567321442067623,
      0.010369395837187767,
      0.00996918510645628,
      0.00945624802261591,
      0.00939965806901455,
      0.009317881427705288,
      0.00909356027841568,
      0.00900698360055685,
      0.008994759991765022
    ]
  },
  "topic_4": {
    "words": [
      "bring",
      "better",
      "bed",
      "big",
      "trip",
      "dat",
      "never",
      "ard",
      "touch",
      "account",
      "anoth",
      "readi",
      "keep",
      "lunch",
      "long",
      "competit",
      "yep",
      "wont",
      "leh",
      "pick"
    ],
    "probabilities": [
      0.03572461009025574,
      0.023965192958712578,
      0.023426074534654617,
      0.02234017662703991,
      0.0216545257717371,
      0.020624715834856033,
      0.020196063444018364,
      0.019748322665691376,
      0.0166395902633667,
      0.016139930114150047,
      0.014882064424455166,
      0.013997615315020084,
      0.01378657016903162,
      0.012627266347408295,
      0.011634597554802895,
      0.010614237748086452,
      0.010427877306938171,
      0.010392568074166775,
      0.010171366855502129,
      0.009979206137359142
    ]
  },
  "topic_5": {
    "words": [
      "claim",
      "special",
      "cash",
      "stay",
      "place",
      "town",
      "player",
      "receiv",
      "box",
      "ppm",
      "holiday",
      "brother",
      "prize",
      "select",
      "call",
      "post",
      "tc",
      "alon",
      "close",
      "th"
    ],
    "probabilities": [
      0.022168628871440887,
      0.01583058200776577,
      0.015207394026219845,
      0.014614303596317768,
      0.014554627239704132,
      0.014447114430367947,
      0.01347307302057743,
      0.012911544181406498,
      0.012904493138194084,
      0.012434803880751133,
      0.012308499775826931,
      0.012150395661592484,
      0.01181919313967228,
      0.011741777881979942,
      0.01161215826869011,
      0.011188052594661713,
      0.011034930124878883,
      0.010809591971337795,
      0.010398070327937603,
      0.00970697682350874
    ]
  },
  "topic_6": {
    "words": [
      "wanna",
      "what",
      "hello",
      "dad",
      "earli",
      "colleg",
      "wot",
      "peopl",
      "address",
      "book",
      "email",
      "snow",
      "drink",
      "gym",
      "ha",
      "di",
      "boss",
      "sunday",
      "awak",
      "us"
    ],
    "probabilities": [
      0.05118226259946823,
      0.05106746405363083,
      0.045084308832883835,
      0.03819927200675011,
      0.03667071834206581,
      0.036328352987766266,
      0.03624219819903374,
      0.032573115080595016,
      0.030015388503670692,
      0.029384471476078033,
      0.026818040758371353,
      0.022196529433131218,
      0.020421648398041725,
      0.019615361467003822,
      0.013036216609179974,
      0.012894457206130028,
      0.011831148527562618,
      0.01040526945143938,
      0.010078346356749535,
      0.009872375056147575
    ]
  },
  "topic_7": {
    "words": [
      "food",
      "sweet",
      "pretti",
      "may",
      "girl",
      "ladi",
      "without",
      "dream",
      "mobil",
      "name",
      "frnd",
      "txt",
      "depend",
      "mani",
      "collect",
      "stop",
      "alrit",
      "phone",
      "custom",
      "prize"
    ],
    "probabilities": [
      0.05175601691007614,
      0.046514421701431274,
      0.04089741408824921,
      0.03198328614234924,
      0.028240356594324112,
      0.01839042827486992,
      0.015107668936252594,
      0.013591047376394272,
      0.011002181097865105,
      0.010674943216145039,
      0.009506093338131905,
      0.009184211492538452,
      0.009148702025413513,
      0.008944433182477951,
      0.008703675121068954,
      0.007492342963814735,
      0.007410826627165079,
      0.007109940517693758,
      0.006717892829328775,
      0.00614280067384243
    ]
  },
  "topic_8": {
    "words": [
      "age",
      "complet",
      "mind",
      "draw",
      "word",
      "mobil",
      "txt",
      "final",
      "mum",
      "stop",
      "name",
      "correct",
      "wid",
      "half",
      "cours",
      "line",
      "gift",
      "voucher",
      "toward",
      "prize"
    ],