{
  "K": 15,
  "alpha": 1.0,
  "beta": 0.01,
  "prior_scale": 1.0,
  "method": "svi",
  "val_accuracy": 0.5153570003988831,
  "val_auc": 0.48401685639709596
}