{
  "topic_0": {
    "words": [
      "get",
      "player",
      "im",
      "come",
      "go",
      "say",
      "amt",
      "chennai",
      "hold",
      "thank",
      "anytim",
      "normal",
      "call",
      "funni",
      "ur",
      "suppos",
      "onlin",
      "good",
      "got",
      "tell"
    ],
    "probabilities": [
      0.011141140945255756,
      0.009924998506903648,
      0.00977028626948595,
      0.009512645192444324,
      0.009437739849090576,
      0.008400402031838894,
      0.00811885017901659,
      0.008115927688777447,
      0.007734463084489107,
      0.007697215303778648,
      0.007588001899421215,
      0.007137897424399853,
      0.00704633304849267,
      0.006977650336921215,
      0.006939078215509653,
      0.006658240221440792,
      0.00663145724684,
      0.006584778893738985,
      0.006394118070602417,
      0.006325509399175644
    ]
  },
  "topic_1": {
    "words": [
      "job",
      "happen",
      "surf",
      "free",
      "haf",
      "reach",
      "cant",
      "de",
      "drive",
      "late",
      "ive",
      "disturb",
      "liao",
      "enjoy",
      "miss",
      "ur",
      "babi",
      "got",
      "minut",
      "tone"
    ],
    "probabilities": [
      0.016729285940527916,
      0.01648191548883915,
      0.016399318352341652,
      0.015736425295472145,
      0.01510195154696703,
      0.014649595133960247,
      0.013169982470571995,
      0.012488966807723045,
      0.011986970901489258,
      0.011939508840441704,
      0.011474327184259892,
      0.011315799318253994,
      0.011305153369903564,
      0.011174149811267853,
      0.010970230214297771,
      0.010930442251265049,
      0.010329206474125385,
      0.010231086052954197,
      0.01020854152739048,
      0.010106394067406654
    ]
  },
  "topic_2": {
    "words": [
      "oki",
      "yet",
      "go",
      "buy",
      "check",
      "da",
      "use",
      "oh",
      "thanx",
      "lot",
      "done",
      "hungri",
      "dinner",
      "havent",
      "song",
      "bu",
      "alreadi",
      "how",
      "want",
      "noth"
    ],
    "probabilities": [
      0.01945596933364868,
      0.018904909491539,
      0.018692951649427414,
      0.017076795920729637,
      0.01665068045258522,
      0.016577379778027534,
      0.015395767986774445,
      0.013301515020430088,
      0.012991945259273052,
      0.012204136699438095,
      0.011770511046051979,
      0.011684609577059746,
      0.011679594404995441,
      0.011585385538637638,
      0.011557847261428833,
      0.011534333229064941,
      0.011220306158065796,
      0.010984249413013458,
      0.010978897102177143,
      0.010764870792627335
    ]
  },
  "topic_3": {
    "words": [
      "lor",
      "princess",
      "that",
      "wat",
      "love",
      "fine",
      "back",
      "talk",
      "also",
      "went",
      "go",
      "nice",
      "class",
      "said",
      "babe",
      "finish",
      "home",
      "long",
      "yup",
      "nite"
    ],
    "probabilities": [
      0.02965317852795124,
      0.019919833168387413,
      0.017713194712996483,
      0.01692870445549488,
      0.01606864482164383,
      0.015896417200565338,
      0.01559113897383213,
      0.015573488548398018,
      0.015118620358407497,
      0.01473319437354803,
      0.01367627177387476,
      0.013584098778665066,
      0.013070285320281982,
      0.012641116045415401,
      0.011940672993659973,
      0.011904624290764332,
      0.010872062295675278,
      0.010871054604649544,
      0.010701796971261501,
      0.010681873187422752
    ]
  },
  "topic_4": {
    "words": [
      "im",
      "like",
      "come",
      "want",
      "much",
      "think",
      "make",
      "still",
      "get",
      "today",
      "go",
      "home",
      "hi",
      "pick",
      "plan",
      "happi",
      "ok",
      "ye",
      "say",
      "take"
    ],
    "probabilities": [
      0.04888903349637985,
      0.02620071917772293,
      0.024941900745034218,
      0.022573938593268394,
      0.022377384826540947,
      0.021818922832608223,
      0.020564842969179153,
      0.01971616968512535,
      0.018967244774103165,
      0.01890821009874344,
      0.018219081684947014,
      0.01770636811852455,
      0.017317021265625954,
      0.016609081998467445,
      0.015998369082808495,
      0.014642378315329552,
      0.014327547512948513,
      0.012874643318355083,
      0.012706614099442959,
      0.012605260126292706
    ]
  },
  "topic_5": {
    "words": [
      "ok",
      "call",
      "ill",
      "get",
      "sorri",
      "good",
      "dear",
      "know",
      "later",
      "see",
      "meet",
      "dont",
      "way",
      "tell",
      "watch",
      "go",
      "work",
      "ltgt",
      "care",
      "got"
    ],
    "probabilities": [
      0.061883971095085144,
      0.0463920496404171,
      0.024425551295280457,
      0.024036820977926254,
      0.022564910352230072,
      0.022551052272319794,
      0.020961761474609375,
      0.020721863955259323,
      0.020532354712486267,
      0.020530052483081818,
      0.019737394526600838,
      0.01923370361328125,
      0.016228098422288895,
      0.015133953653275967,
      0.01483150850981474,
      0.014669694937765598,
      0.014649816788733006,
      0.013865451328456402,
      0.01333043072372675,
      0.012939907610416412
    ]
  },
  "topic_6": {
    "words": [
      "sent",
      "contact",
      "claim",
      "ur",
      "call",
      "prize",
      "special",
      "shall",
      "txt",
      "stop",
      "cost",
      "chang",
      "exam",
      "sm",
      "di",
      "speak",
      "hr",
      "pm",
      "mayb",
      "urgent"
    ],
    "probabilities": [
      0.019517196342349052,
      0.017533782869577408,
      0.016194554045796394,
      0.015675975009799004,
      0.01292075403034687,
      0.012856721878051758,
      0.012565631419420242,
      0.012518436647951603,
      0.012045026756823063,
      0.011962304823100567,
      0.011655879206955433,
      0.011579060927033424,
      0.011364185251295567,
      0.010295632295310497,
      0.010209384374320507,
      0.010182746686041355,
      0.009628436528146267,
      0.009607596322894096,
      0.009456353262066841,
      0.009014451876282692
    ]
  },
  "topic_7": {
    "words": [
      "amp",
      "number",
      "messag",
      "min",
      "readi",
      "ltgt",
      "ju",
      "call",
      "wait",
      "chat",
      "morn",
      "pleas",
      "ha",
      "person",
      "money",
      "abl",
      "po",
      "box",
      "live",
      "phone"
    ],
    "probabilities": [
      0.020700957626104355,
      0.020289339125156403,
      0.019510839134454727,
      0.017432760447263718,
      0.017431017011404037,
      0.01661749556660652,
      0.015797993168234825,
      0.015255434438586235,
      0.014741252176463604,
      0.014522818848490715,
      0.013551371172070503,
      0.012868348509073257,
      0.011323796585202217,
      0.011140037328004837,
      0.010331738740205765,
      0.010268312878906727,
      0.010203368961811066,
      0.010151795111596584,
      0.00998878013342619,
      0.009687935933470726
    ]
  },
  "topic_8": {
    "words": [
      "free",
      "wish",
      "tonight",
      "your",
      "select",
      "mobil",
      "text",
      "someon",
      "holiday",
      "collect",
      "actual",
      "repli",
      "birthday",
      "call",
      "dude",
      "pl",
      "heart",
      "pa",
      "dnt",
      "tc"
    ],