{
  "K": 15,
  "alpha": 0.5,
  "beta": 0.1,
  "prior_scale": 0.1,
  "method": "svi",
  "val_accuracy": 0.5871559633027523,
  "val_auc": 0.462810642451361
}