{
  "topic_0": {
    "words": [
      "im",
      "get",
      "go",
      "call",
      "come",
      "ok",
      "ltgt",
      "got",
      "good",
      "ill",
      "dont",
      "want",
      "ur",
      "time",
      "know",
      "still",
      "day",
      "home",
      "see",
      "like"
    ],
    "probabilities": [
      0.01749560795724392,
      0.015898780897259712,
      0.015447632409632206,
      0.015259925276041031,
      0.012027031742036343,
      0.010982202365994453,
      0.009368712082505226,
      0.009329616092145443,
      0.008940894156694412,
      0.008144578896462917,
      0.008076831698417664,
      0.008021137677133083,
      0.008007880300283432,
      0.007196058984845877,
      0.007041849661618471,
      0.006909617688506842,
      0.006738712079823017,
      0.006728209555149078,
      0.006727991160005331,
      0.006548014003783464
    ]
  },
  "topic_1": {
    "words": [
      "surf",
      "player",
      "amt",
      "ya",
      "work",
      "hello",
      "bed",
      "problem",
      "servic",
      "shall",
      "came",
      "omw",
      "custom",
      "tampa",
      "respond",
      "charg",
      "possibl",
      "drive",
      "import",
      "wear"
    ],
    "probabilities": [
      0.032514847815036774,
      0.027203619480133057,
      0.023136092349886894,
      0.02145320177078247,
      0.020276939496397972,
      0.0202567670494318,
      0.019926337525248528,
      0.019488085061311722,
      0.019403668120503426,
      0.017906803637742996,
      0.01617215760052204,
      0.016160771250724792,
      0.015876512974500656,
      0.015504252165555954,
      0.014795390889048576,
      0.014493407681584358,
      0.013653979636728764,
      0.012439954094588757,
      0.01220631692558527,
      0.011895593255758286
    ]
  },
  "topic_2": {
    "words": [
      "abt",
      "pub",
      "convey",
      "hold",
      "gotta",
      "snow",
      "hand",
      "space",
      "mayb",
      "download",
      "system",
      "slept",
      "enough",
      "full",
      "kiss",
      "boytoy",
      "okay",
      "regard",
      "could",
      "next"
    ],
    "probabilities": [
      0.029745709151029587,
      0.0281989723443985,
      0.027426889166235924,
      0.027144595980644226,
      0.02672550268471241,
      0.026553597301244736,
      0.025324556976556778,
      0.024928007274866104,
      0.024681193754076958,
      0.024258745834231377,
      0.023935480043292046,
      0.023935046046972275,
      0.022926313802599907,
      0.01863689161837101,
      0.017122818157076836,
      0.016591496765613556,
      0.016014110296964645,
      0.015399331226944923,
      0.013384809717535973,
      0.013194997794926167
    ]
  },
  "topic_3": {
    "words": [
      "went",
      "wot",
      "fuck",
      "what",
      "lunch",
      "open",
      "yo",
      "sure",
      "post",
      "two",
      "wk",
      "aight",
      "around",
      "readi",
      "everi",
      "still",
      "jay",
      "your",
      "dun",
      "bold"
    ],
    "probabilities": [
      0.021631505340337753,
      0.017784567549824715,
      0.01726016029715538,
      0.016892271116375923,
      0.016859203577041626,
      0.015558120794594288,
      0.014117937535047531,
      0.01398294698446989,
      0.01347377896308899,
      0.013020556420087814,
      0.012913202866911888,
      0.012343548238277435,
      0.011062096804380417,
      0.010972934775054455,
      0.010940957814455032,
      0.010654612444341183,
      0.009730623103678226,
      0.009670371189713478,
      0.009574735537171364,
      0.009553332813084126
    ]
  },
  "topic_4": {
    "words": [
      "hungri",
      "join",
      "sir",
      "yup",
      "call",
      "speak",
      "real",
      "start",
      "anyway",
      "pmin",
      "select",
      "anoth",
      "claim",
      "food",
      "ppm",
      "tc",
      "prize",
      "stop",
      "cash",
      "guarante"
    ],
    "probabilities": [
      0.020910825580358505,
      0.018827328458428383,
      0.018514126539230347,
      0.01790751703083515,
      0.017281442880630493,
      0.017261071130633354,
      0.017254376783967018,
      0.017052853479981422,
      0.016371097415685654,
      0.0162526685744524,
      0.016178321093320847,
      0.016158249229192734,
      0.016032634302973747,
      0.014658784493803978,
      0.01465820986777544,
      0.013430130667984486,
      0.013003882952034473,
      0.012428205460309982,
      0.012390479445457458,
      0.011668055318295956
    ]
  },
  "topic_5": {
    "words": [
      "happen",
      "wish",
      "point",
      "show",
      "account",
      "exam",
      "sad",
      "saw",
      "din",
      "watch",
      "liao",
      "morn",
      "film",
      "birthday",
      "wake",
      "privat",
      "code",
      "expir",
      "sm",
      "statement"
    ],
    "probabilities": [
      0.033090583980083466,
      0.025046279653906822,
      0.02423909679055214,
      0.023729151114821434,
      0.02048659324645996,
      0.0197172611951828,
      0.01738392747938633,
      0.01721647009253502,
      0.016188543289899826,
      0.016163311898708344,
      0.015613353811204433,
      0.015612655319273472,
      0.015547453425824642,
      0.015522407367825508,
      0.01477449294179678,
      0.014682885259389877,
      0.013831346295773983,
      0.012580223381519318,
      0.012526130303740501,
      0.012285430915653706
    ]
  },
  "topic_6": {
    "words": [
      "call",
      "free",
      "later",
      "check",
      "time",
      "name",
      "messag",
      "want",
      "phone",
      "new",
      "probabl",
      "ur",
      "make",
      "txt",
      "there",
      "xxx",
      "mobil",
      "complet",
      "come",
      "orang"
    ],
    "probabilities": [
      0.046182066202163696,
      0.02668517455458641,
      0.020126009359955788,
      0.01864713989198208,
      0.01847323589026928,
      0.01831253245472908,
      0.01688867062330246,
      0.01616704650223255,
      0.014294479973614216,
      0.013862391002476215,
      0.013603421859443188,
      0.012779136188328266,
      0.012753930874168873,
      0.012416038662195206,
      0.011576129123568535,
      0.010427601635456085,
      0.010181262157857418,
      0.010146131739020348,
      0.009512718766927719,
      0.009277994744479656
    ]
  },
  "topic_7": {
    "words": [
      "wat",
      "today",
      "rememb",
      "prob",
      "train",
      "lei",
      "eat",
      "gd",
      "talk",
      "receiv",
      "ok",
      "colleg",
      "po",
      "ive",
      "soon",
      "wan",
      "mind",
      "havent",
      "juz",
      "ex"
    ],
    "probabilities": [
      0.030280865728855133,
      0.026436610147356987,
      0.02159268967807293,
      0.02058827131986618,
      0.01861714757978916,
      0.017746778205037117,
      0.01706230826675892,
      0.01653861440718174,
      0.015680553391575813,
      0.015648655593395233,
      0.014678428880870342,
      0.01423220057040453,
      0.012737308628857136,
      0.012534374371170998,
      0.01193910650908947,
      0.010750102810561657,
      0.01057281531393528,
      0.010563516058027744,
      0.010256174020469189,
      0.010032616555690765
    ]
  },
  "topic_8": {
    "words": [
      "true",
      "big",
      "worri",
      "plz",
      "swing",
      "thk",
      "god",
      "girl",
      "ok",
      "win",
      "morn",
      "ard",
      "enjoy",
      "told",
      "go",
      "dream",
      "care",
      "im",
      "like",
      "love"
    ],