{
  "topic_0": {
    "words": [
      "call",
      "ur",
      "free",
      "wish",
      "txt",
      "claim",
      "award",
      "mobil",
      "may",
      "book",
      "post",
      "collect",
      "special",
      "eat",
      "half",
      "saw",
      "bit",
      "urgent",
      "de",
      "shop"
    ],
    "probabilities": [
      0.012729481793940067,
      0.010266972705721855,
      0.010011445730924606,
      0.009060701355338097,
      0.008985908702015877,
      0.008066839538514614,
      0.007934409193694592,
      0.007774413097649813,
      0.007660607807338238,
      0.006809588056057692,
      0.006681225728243589,
      0.006412701215595007,
      0.006399923469871283,
      0.0063927010633051395,
      0.006274046376347542,
      0.006121342536062002,
      0.006009574979543686,
      0.0059605734422802925,
      0.005957377143204212,
      0.0059161740355193615
    ]
  },
  "topic_1": {
    "words": [
      "text",
      "free",
      "call",
      "messag",
      "repli",
      "number",
      "get",
      "stop",
      "chat",
      "place",
      "txt",
      "help",
      "servic",
      "problem",
      "name",
      "yo",
      "msg",
      "minut",
      "play",
      "account"
    ],
    "probabilities": [
      0.015190031379461288,
      0.013835707679390907,
      0.013697683811187744,
      0.011328615248203278,
      0.011104798875749111,
      0.01038795430213213,
      0.009583559818565845,
      0.0079439552500844,
      0.007919691503047943,
      0.007661346811801195,
      0.00739032169803977,
      0.0068158553913235664,
      0.006742557510733604,
      0.006676720920950174,
      0.0066242823377251625,
      0.006475328002125025,
      0.006322838831692934,
      0.006242852658033371,
      0.006221625488251448,
      0.006169665604829788
    ]
  },
  "topic_2": {
    "words": [
      "call",
      "good",
      "ill",
      "dont",
      "know",
      "see",
      "come",
      "sorri",
      "like",
      "still",
      "day",
      "think",
      "take",
      "love",
      "get",
      "pick",
      "great",
      "cant",
      "im",
      "later"
    ],
    "probabilities": [
      0.022655874490737915,
      0.021388720721006393,
      0.02055036649107933,
      0.018251806497573853,
      0.018032867461442947,
      0.01798504963517189,
      0.017736928537487984,
      0.01687074452638626,
      0.015505526214838028,
      0.014839696697890759,
      0.013575863093137741,
      0.012935327365994453,
      0.012639851309359074,
      0.01251977402716875,
      0.011967786587774754,
      0.010797352530062199,
      0.010433055460453033,
      0.009661803022027016,
      0.009289556182920933,
      0.008404056541621685
    ]
  },
  "topic_3": {
    "words": [
      "ok",
      "im",
      "go",
      "ltgt",
      "time",
      "home",
      "want",
      "today",
      "get",
      "come",
      "much",
      "meet",
      "hi",
      "way",
      "got",
      "da",
      "lor",
      "that",
      "wat",
      "dear"
    ],
    "probabilities": [
      0.04296676442027092,
      0.033070772886276245,
      0.028257906436920166,
      0.019539032131433487,
      0.01792081817984581,
      0.017736410722136497,
      0.01514418888837099,
      0.013758296146988869,
      0.013641688041388988,
      0.013602403923869133,
      0.013208329677581787,
      0.013012342154979706,
      0.012932946905493736,
      0.012861032038927078,
      0.012156113050878048,
      0.011967095546424389,
      0.01069609448313713,
      0.010607978329062462,
      0.010204678401350975,
      0.010078771971166134
    ]
  },
  "topic_4": {
    "words": [
      "yet",
      "done",
      "havent",
      "alreadi",
      "ya",
      "first",
      "finish",
      "hello",
      "rememb",
      "readi",
      "earli",
      "nite",
      "real",
      "lar",
      "left",
      "lei",
      "amp",
      "ah",
      "girl",
      "wot"
    ],
    "probabilities": [
      0.015103674493730068,
      0.013578594662249088,
      0.013052793219685555,
      0.01271073054522276,
      0.012269043363630772,
      0.011489829048514366,
      0.011022827588021755,
      0.010717478580772877,
      0.010565043427050114,
      0.010526002384722233,
      0.010306030511856079,
      0.010268587619066238,
      0.008643532171845436,
      0.00850184541195631,
      0.008498209528625011,
      0.008354855701327324,
      0.00832580029964447,
      0.008195263333618641,
      0.007847478613257408,
      0.007825760170817375
    ]
  }
}