{
  "K": 10,
  "alpha": 0.1,
  "beta": 0.5,
  "prior_scale": 1.0,
  "method": "svi",
  "val_accuracy": 0.5254237288135594,
  "val_auc": 0.43329526132284496
}