{
  "K": 10,
  "alpha": 0.5,
  "beta": 0.5,
  "prior_scale": 1.0,
  "method": "svi",
  "val_accuracy": 0.6661348224970084,
  "val_auc": 0.4335518523392775
}