{
  "K": 15,
  "alpha": 0.5,
  "beta": 0.01,
  "prior_scale": 0.1,
  "method": "svi",
  "val_accuracy": 0.4795613160518445,
  "val_auc": 0.4979475465022413
}