{
  "topic_0": {
    "words": [
      "call",
      "im",
      "go",
      "get",
      "come",
      "ok",
      "ill",
      "got",
      "like",
      "want",
      "dont",
      "time",
      "ltgt",
      "good",
      "know",
      "ur",
      "sorri",
      "home",
      "lor",
      "one"
    ],
    "probabilities": [
      0.020302731543779373,
      0.01768028549849987,
      0.016473334282636642,
      0.01493206899613142,
      0.013540240935981274,
      0.01214612927287817,
      0.010021508671343327,
      0.009523938409984112,
      0.009252440184354782,
      0.008836481720209122,
      0.00811058934777975,
      0.007998199202120304,
      0.0078004952520132065,
      0.007750312797725201,
      0.007724490948021412,
      0.007679021451622248,
      0.007356146816164255,
      0.00660998048260808,
      0.0063270931132137775,
      0.00625368719920516
    ]
  },
  "topic_1": {
    "words": [
      "question",
      "man",
      "food",
      "offic",
      "box",
      "yesterday",
      "boy",
      "hold",
      "she",
      "walk",
      "caus",
      "answer",
      "collect",
      "mom",
      "though",
      "avail",
      "po",
      "pay",
      "ltdecimalgt",
      "second"
    ],
    "probabilities": [
      0.015032022260129452,
      0.013751156628131866,
      0.013736486434936523,
      0.013514796271920204,
      0.013307882472872734,
      0.01181599497795105,
      0.011525467038154602,
      0.011370493099093437,
      0.011262909509241581,
      0.010940279811620712,
      0.010795594193041325,
      0.010460439138114452,
      0.010455941781401634,
      0.01040754746645689,
      0.010198794305324554,
      0.010054737329483032,
      0.010043837130069733,
      0.009968222118914127,
      0.009759858250617981,
      0.009486429393291473
    ]
  },
  "topic_2": {
    "words": [
      "bring",
      "wish",
      "rock",
      "day",
      "alway",
      "see",
      "thank",
      "sweet",
      "love",
      "pub",
      "take",
      "yo",
      "okay",
      "remain",
      "great",
      "simpl",
      "took",
      "smoke",
      "princess",
      "thing"
    ],
    "probabilities": [
      0.018786197528243065,
      0.017294326797127724,
      0.0172323826700449,
      0.016722556203603745,
      0.01573227345943451,
      0.01495868805795908,
      0.014195785857737064,
      0.013780508190393448,
      0.013391257263720036,
      0.012515198439359665,
      0.011343011632561684,
      0.011275170370936394,
      0.011075679212808609,
      0.011007793247699738,
      0.010979872196912766,
      0.010735783725976944,
      0.010362578555941582,
      0.010153168812394142,
      0.0098353186622262,
      0.009559737518429756
    ]
  },
  "topic_3": {
    "words": [
      "dunno",
      "went",
      "dat",
      "nd",
      "mayb",
      "thk",
      "onlin",
      "nope",
      "saw",
      "came",
      "tmr",
      "close",
      "ard",
      "contact",
      "prize",
      "car",
      "park",
      "oredi",
      "project",
      "sinc"
    ],
    "probabilities": [
      0.017713455483317375,
      0.01728082075715065,
      0.016880478709936142,
      0.01669367030262947,
      0.01589183136820793,
      0.01579359918832779,
      0.01564382202923298,
      0.015189445577561855,
      0.014577428810298443,
      0.01431320607662201,
      0.014217648655176163,
      0.013773576356470585,
      0.01354787964373827,
      0.013097315095365047,
      0.012852683663368225,
      0.01249752752482891,
      0.012284953147172928,
      0.012168885208666325,
      0.012087352573871613,
      0.012001893483102322
    ]
  },
  "topic_4": {
    "words": [
      "best",
      "abt",
      "real",
      "there",
      "made",
      "anytim",
      "awesom",
      "week",
      "anyway",
      "juz",
      "wake",
      "wonder",
      "wk",
      "everi",
      "aint",
      "pic",
      "receiv",
      "win",
      "tone",
      "heard"
    ],
    "probabilities": [
      0.029213491827249527,
      0.02436598762869835,
      0.024263551458716393,
      0.01904393918812275,
      0.01843191124498844,
      0.016965100541710854,
      0.016924742609262466,
      0.016678353771567345,
      0.01666485145688057,
      0.016276968643069267,
      0.01624503917992115,
      0.015232842415571213,
      0.014812303707003593,
      0.01419801451265812,
      0.013373109512031078,
      0.013193968683481216,
      0.012884244322776794,
      0.012849550694227219,
      0.011879206635057926,
      0.010195010341703892
    ]
  },
  "topic_5": {
    "words": [
      "ever",
      "dad",
      "actual",
      "import",
      "brother",
      "head",
      "disturb",
      "luv",
      "ring",
      "god",
      "read",
      "decid",
      "famili",
      "doesnt",
      "smile",
      "alon",
      "bed",
      "congrat",
      "suppos",
      "big"
    ],
    "probabilities": [
      0.02481510117650032,
      0.023138001561164856,
      0.023068228736519814,
      0.020670047029852867,
      0.02062041312456131,
      0.020043624565005302,
      0.019387727603316307,
      0.017732776701450348,
      0.017730511724948883,
      0.01760392263531685,
      0.017544718459248543,
      0.017521170899271965,
      0.016053667291998863,
      0.015857480466365814,
      0.014946573413908482,
      0.013955792412161827,
      0.013265634886920452,
      0.012515435926616192,
      0.011801167391240597,
      0.011030429974198341
    ]
  },
  "topic_6": {
    "words": [
      "ok",
      "draw",
      "eat",
      "amp",
      "tht",
      "today",
      "hear",
      "voucher",
      "someon",
      "ltgt",
      "say",
      "servic",
      "competit",
      "log",
      "contact",
      "wid",
      "drug",
      "miss",
      "call",
      "night"
    ],
    "probabilities": [
      0.04397161677479744,
      0.016812965273857117,
      0.01580929011106491,
      0.015047203749418259,
      0.013135548681020737,
      0.013040014542639256,
      0.013035116717219353,
      0.01084462832659483,
      0.010205336846411228,
      0.010075019672513008,
      0.009847486391663551,
      0.00934937596321106,
      0.008962125517427921,
      0.008484793826937675,
      0.008421246893703938,
      0.008301285095512867,
      0.007815508171916008,
      0.007745939772576094,
      0.007711239159107208,
      0.007594091352075338
    ]
  },
  "topic_7": {
    "words": [
      "earli",
      "left",
      "person",
      "ok",
      "stori",
      "howz",
      "might",
      "anoth",
      "play",
      "didnt",
      "ladi",
      "dinner",
      "girl",
      "bad",
      "text",
      "ltgt",
      "miss",
      "fine",
      "care",
      "well"
    ],
    "probabilities": [
      0.028956912457942963,
      0.02767796255648136,
      0.025372102856636047,
      0.024508783593773842,
      0.02016555145382881,
      0.013571429997682571,
      0.012623680755496025,
      0.01123539824038744,
      0.010457825846970081,
      0.009527144953608513,
      0.00909758172929287,
      0.008942881599068642,
      0.008865514770150185,
      0.007371045183390379,
      0.007320748176425695,
      0.006861385889351368,
      0.005837717559188604,
      0.005821899976581335,
      0.005332381930202246,
      0.005257764831185341
    ]
  },
  "topic_8": {
    "words": [
      "enough",
      "pm",
      "shit",
      "ok",
      "join",
      "detail",
      "lunch",
      "watch",
      "earli",
      "didnt",
      "text",
      "play",
      "wasnt",
      "credit",
      "ltgt",
      "town",
      "anyth",
      "fine",
      "arent",
      "today"
    ],