{
  "topic_0": {
    "words": [
      "call",
      "ok",
      "im",
      "come",
      "get",
      "go",
      "day",
      "home",
      "ill",
      "pleas",
      "time",
      "good",
      "dont",
      "love",
      "got",
      "dear",
      "see",
      "ltgt",
      "number",
      "ur"
    ],
    "probabilities": [
      0.02563035674393177,
      0.02314331941306591,
      0.012979408726096153,
      0.012929942458868027,
      0.01264131348580122,
      0.012091617099940777,
      0.008214899338781834,
      0.008177423849701881,
      0.008149680681526661,
      0.008066773414611816,
      0.007740937173366547,
      0.007542985957115889,
      0.007435946259647608,
      0.007352140266448259,
      0.006997760850936174,
      0.006507779937237501,
      0.0064027877524495125,
      0.006065782159566879,
      0.006033490877598524,
      0.005872929003089666
    ]
  },
  "topic_1": {
    "words": [
      "go",
      "lor",
      "got",
      "im",
      "wat",
      "thing",
      "watch",
      "buy",
      "alreadi",
      "told",
      "done",
      "wan",
      "lunch",
      "ya",
      "co",
      "ju",
      "da",
      "happi",
      "today",
      "need"
    ],
    "probabilities": [
      0.017784113064408302,
      0.014812495559453964,
      0.013601722195744514,
      0.01193705853074789,
      0.011342287063598633,
      0.010155797936022282,
      0.009950334206223488,
      0.009788031689822674,
      0.0094879399985075,
      0.009101132862269878,
      0.009021668694913387,
      0.008770255371928215,
      0.007848521694540977,
      0.007822245359420776,
      0.007707195822149515,
      0.007561391219496727,
      0.007439903914928436,
      0.00736728310585022,
      0.007331995293498039,
      0.00726118590682745
    ]
  },
  "topic_2": {
    "words": [
      "know",
      "im",
      "get",
      "call",
      "like",
      "ill",
      "ur",
      "sorri",
      "dont",
      "anyth",
      "good",
      "want",
      "ask",
      "ok",
      "go",
      "come",
      "think",
      "later",
      "free",
      "much"
    ],
    "probabilities": [
      0.0164309311658144,
      0.016374735161662102,
      0.01572725735604763,
      0.01532338373363018,
      0.01460364367812872,
      0.012819098308682442,
      0.011757886968553066,
      0.010744309052824974,
      0.010579388588666916,
      0.010156678035855293,
      0.010039080865681171,
      0.009975738823413849,
      0.00952126830816269,
      0.008692310191690922,
      0.00866982527077198,
      0.008491167798638344,
      0.008379119448363781,
      0.008322587236762047,
      0.008262991905212402,
      0.008237813599407673
    ]
  },
  "topic_3": {
    "words": [
      "open",
      "rock",
      "player",
      "song",
      "man",
      "de",
      "hello",
      "mayb",
      "haf",
      "food",
      "surf",
      "head",
      "wake",
      "there",
      "enough",
      "she",
      "onlin",
      "hair",
      "hungri",
      "came"
    ],
    "probabilities": [
      0.01674417220056057,
      0.015716660767793655,
      0.015333286486566067,
      0.01520551647990942,
      0.014358744956552982,
      0.01426223199814558,
      0.013765087351202965,
      0.013711974024772644,
      0.013687944039702415,
      0.01357110496610403,
      0.013561630621552467,
      0.013495203107595444,
      0.01265756506472826,
      0.012645873241126537,
      0.012539674527943134,
      0.012130464427173138,
      0.011906369589269161,
      0.011765619739890099,
      0.011763027869164944,
      0.011723636649549007
    ]
  },
  "topic_4": {
    "words": [
      "ltgt",
      "class",
      "late",
      "room",
      "princess",
      "long",
      "could",
      "start",
      "tonight",
      "drive",
      "yo",
      "want",
      "gud",
      "thought",
      "guy",
      "dinner",
      "still",
      "left",
      "point",
      "look"
    ],
    "probabilities": [
      0.01688368059694767,
      0.015368345193564892,
      0.01206720620393753,
      0.011763142421841621,
      0.011015113443136215,
      0.010546616278588772,
      0.009824149310588837,
      0.009583412669599056,
      0.009549150243401527,
      0.009279194287955761,
      0.00893316138535738,
      0.008850613608956337,
      0.008849380537867546,
      0.008681186474859715,
      0.008610392920672894,
      0.00845995731651783,
      0.008289636112749577,
      0.008276361040771008,
      0.008108367212116718,
      0.008022145368158817
    ]
  }
}