{
  "K": 5,
  "alpha": 0.5,
  "beta": 0.1,
  "prior_scale": 1.0,
  "method": "svi",
  "val_accuracy": 0.7602712405265257,
  "val_auc": 0.5336668695575881
}