{
  "K": 5,
  "alpha": 0.1,
  "beta": 0.01,
  "prior_scale": 1.0,
  "method": "svi",
  "val_accuracy": 0.6420737786640079,
  "val_auc": 0.4171504388300156
}