{
  "topic_0": {
    "words": [
      "ok",
      "go",
      "im",
      "call",
      "get",
      "come",
      "want",
      "time",
      "good",
      "dont",
      "much",
      "got",
      "ill",
      "meet",
      "ur",
      "ltgt",
      "see",
      "need",
      "lor",
      "still"
    ],
    "probabilities": [
      0.024406934157013893,
      0.018286898732185364,
      0.015053851529955864,
      0.01294754445552826,
      0.012741937302052975,
      0.009873174130916595,
      0.009407625533640385,
      0.008905500173568726,
      0.008699063211679459,
      0.008259184658527374,
      0.007349381688982248,
      0.006967212073504925,
      0.00691575650125742,
      0.006754016969352961,
      0.006690702401101589,
      0.006681539583951235,
      0.006656779441982508,
      0.006587293464690447,
      0.006216836161911488,
      0.006153978873044252
    ]
  },
  "topic_1": {
    "words": [
      "call",
      "like",
      "know",
      "got",
      "ltgt",
      "ill",
      "pick",
      "sorri",
      "done",
      "still",
      "im",
      "wat",
      "dont",
      "that",
      "later",
      "work",
      "ju",
      "finish",
      "wait",
      "get"
    ],
    "probabilities": [
      0.022671520709991455,
      0.01830786094069481,
      0.01734376698732376,
      0.015003540553152561,
      0.014621333219110966,
      0.012174976989626884,
      0.010979514569044113,
      0.010969681665301323,
      0.010268309153616428,
      0.010255957953631878,
      0.009972618892788887,
      0.00946333073079586,
      0.009308231994509697,
      0.009057240560650826,
      0.00835230853408575,
      0.00831208098679781,
      0.008210249245166779,
      0.008064358495175838,
      0.007927718572318554,
      0.007903693243861198
    ]
  },
  "topic_2": {
    "words": [
      "surf",
      "offic",
      "account",
      "wot",
      "wine",
      "anytim",
      "disturb",
      "amt",
      "ha",
      "pretti",
      "hold",
      "hello",
      "convey",
      "email",
      "show",
      "oredi",
      "camera",
      "charg",
      "point",
      "na"
    ],
    "probabilities": [
      0.021297525614500046,
      0.018246743828058243,
      0.017190350219607353,
      0.016229726374149323,
      0.016003455966711044,
      0.015311915427446365,
      0.014857133850455284,
      0.01424932386726141,
      0.014203844591975212,
      0.01375750731676817,
      0.013664043508470058,
      0.012837172485888004,
      0.012655548751354218,
      0.012518399395048618,
      0.012205866165459156,
      0.012163941748440266,
      0.011872601695358753,
      0.011845102533698082,
      0.011812020093202591,
      0.01174851693212986
    ]
  },
  "topic_3": {
    "words": [
      "free",
      "txt",
      "ur",
      "call",
      "player",
      "contact",
      "servic",
      "win",
      "tone",
      "song",
      "nite",
      "mobil",
      "prob",
      "month",
      "real",
      "custom",
      "prize",
      "repli",
      "plan",
      "word"
    ],
    "probabilities": [
      0.014001339673995972,
      0.013458621688187122,
      0.013248059898614883,
      0.01174207590520382,
      0.010399053804576397,
      0.009864320047199726,
      0.009581240825355053,
      0.009548707865178585,
      0.009148938581347466,
      0.009008162654936314,
      0.008608457632362843,
      0.008577510714530945,
      0.008315237239003181,
      0.008137637749314308,
      0.008002384565770626,
      0.007866543717682362,
      0.007745126262307167,
      0.007449968717992306,
      0.007307976949959993,
      0.007267710752785206
    ]
  },
  "topic_4": {
    "words": [
      "im",
      "come",
      "da",
      "get",
      "love",
      "way",
      "home",
      "time",
      "hi",
      "need",
      "happen",
      "today",
      "make",
      "go",
      "well",
      "say",
      "back",
      "right",
      "haha",
      "ye"
    ],
    "probabilities": [
      0.01804242841899395,
      0.015914777293801308,
      0.014110744930803776,
      0.01358113158494234,
      0.012844291515648365,
      0.012808689847588539,
      0.01103280857205391,
      0.010846300050616264,
      0.009750738739967346,
      0.009650842286646366,
      0.00959236454218626,
      0.009497694671154022,
      0.008925553411245346,
      0.008761435747146606,
      0.008747952058911324,
      0.008526375517249107,
      0.008408303372561932,
      0.008380664512515068,
      0.008295350708067417,
      0.008039508946239948
    ]
  }
}