{
  "K": 20,
  "alpha": 0.5,
  "beta": 0.5,
  "prior_scale": 1.0,
  "method": "svi",
  "val_accuracy": 0.5767850019944156,
  "val_auc": 0.48015438902414953
}