{
  "K": 20,
  "alpha": 0.5,
  "beta": 0.01,
  "prior_scale": 1.0,
  "method": "svi",
  "val_accuracy": 0.2130035899481452,
  "val_auc": 0.46974183501129607
}