{
  "K": 10,
  "alpha": 0.5,
  "beta": 0.01,
  "prior_scale": 0.1,
  "method": "svi",
  "val_accuracy": 0.5832502492522432,
  "val_auc": 0.5547764629098466
}