{
  "K": 20,
  "alpha": 0.1,
  "beta": 0.5,
  "prior_scale": 0.1,
  "method": "svi",
  "val_accuracy": 0.48623853211009177,
  "val_auc": 0.5049392972297164
}