{
  "topic_0": {
    "words": [
      "oki",
      "pa",
      "im",
      "get",
      "great",
      "player",
      "ur",
      "rock",
      "go",
      "open",
      "close",
      "hungri",
      "suppos",
      "exam",
      "pub",
      "bore",
      "brother",
      "dont",
      "come",
      "remain"
    ],
    "probabilities": [
      0.013159560970962048,
      0.012356013059616089,
      0.011697367765009403,
      0.01041776966303587,
      0.010225492529571056,
      0.00961765181273222,
      0.009057443588972092,
      0.008811499923467636,
      0.008654356934130192,
      0.008630885742604733,
      0.008128829300403595,
      0.008109057322144508,
      0.008099736645817757,
      0.008045990951359272,
      0.007960313931107521,
      0.00793419685214758,
      0.007835619151592255,
      0.007825899869203568,
      0.007812552154064178,
      0.007502753287553787
    ]
  },
  "topic_1": {
    "words": [
      "chang",
      "nite",
      "wot",
      "ur",
      "win",
      "oh",
      "tmr",
      "hair",
      "book",
      "prob",
      "txt",
      "disturb",
      "dat",
      "luv",
      "she",
      "noe",
      "may",
      "final",
      "ring",
      "film"
    ],
    "probabilities": [
      0.016051989048719406,
      0.015406322665512562,
      0.015219686552882195,
      0.014544172212481499,
      0.013022816739976406,
      0.012569639831781387,
      0.012549965642392635,
      0.012323598377406597,
      0.011986173689365387,
      0.011935456655919552,
      0.011065720580518246,
      0.011063557118177414,
      0.011021691374480724,
      0.010935825295746326,
      0.010750716552138329,
      0.010574821382761002,
      0.01043587364256382,
      0.010081090033054352,
      0.009461966343224049,
      0.009149492718279362
    ]
  },
  "topic_2": {
    "words": [
      "im",
      "wish",
      "train",
      "pl",
      "princess",
      "thanx",
      "name",
      "song",
      "heart",
      "problem",
      "abt",
      "know",
      "today",
      "fuck",
      "hour",
      "thank",
      "hi",
      "special",
      "town",
      "sweet"
    ],
    "probabilities": [
      0.013235264457762241,
      0.012798736803233624,
      0.011193943209946156,
      0.010881159454584122,
      0.010690375231206417,
      0.010538277216255665,
      0.010507583618164062,
      0.010287732817232609,
      0.010040421970188618,
      0.010028135031461716,
      0.009646782651543617,
      0.009471197612583637,
      0.009370044805109501,
      0.009260443039238453,
      0.009133290499448776,
      0.008917396888136864,
      0.008894002065062523,
      0.00882664043456316,
      0.008782449178397655,
      0.008752907626330853
    ]
  },
  "topic_3": {
    "words": [
      "call",
      "claim",
      "urgent",
      "prize",
      "contact",
      "cost",
      "messag",
      "award",
      "tri",
      "nd",
      "box",
      "draw",
      "line",
      "free",
      "walk",
      "ppm",
      "text",
      "want",
      "sm",
      "min"
    ],
    "probabilities": [
      0.02939009666442871,
      0.016547834500670433,
      0.013966180384159088,
      0.013834034092724323,
      0.010988199152052402,
      0.01042985450476408,
      0.009771228767931461,
      0.009660853073000908,
      0.009373404085636139,
      0.009226718917489052,
      0.009224976412951946,
      0.009186540730297565,
      0.009047174826264381,
      0.008868121542036533,
      0.00860606785863638,
      0.008577730506658554,
      0.008405374363064766,
      0.008305472321808338,
      0.008230125531554222,
      0.00816285889595747
    ]
  },
  "topic_4": {
    "words": [
      "check",
      "got",
      "room",
      "sir",
      "im",
      "come",
      "fine",
      "need",
      "wait",
      "what",
      "noth",
      "stuff",
      "dude",
      "car",
      "rememb",
      "offic",
      "someth",
      "one",
      "da",
      "haha"
    ],
    "probabilities": [
      0.019221585243940353,
      0.01525115966796875,
      0.013376527465879917,
      0.013161036185920238,
      0.012478183023631573,
      0.01228313148021698,
      0.010922093875706196,
      0.010749389417469501,
      0.010673210956156254,
      0.010582329705357552,
      0.010540744289755821,
      0.010511361062526703,
      0.010400474071502686,
      0.01010211557149887,
      0.010063640773296356,
      0.009880146011710167,
      0.009805810637772083,
      0.00943288579583168,
      0.009360304102301598,
      0.008755987510085106
    ]
  },
  "topic_5": {
    "words": [
      "go",
      "lor",
      "yet",
      "wan",
      "havent",
      "finish",
      "alreadi",
      "went",
      "ju",
      "yup",
      "got",
      "food",
      "buy",
      "lar",
      "lei",
      "surf",
      "earli",
      "liao",
      "dad",
      "dun"
    ],
    "probabilities": [
      0.024358337745070457,
      0.02344634011387825,
      0.014734479598701,
      0.014190291985869408,
      0.013931924477219582,
      0.011968187987804413,
      0.011965400539338589,
      0.011559387668967247,
      0.01078152097761631,
      0.010277560912072659,
      0.010069782845675945,
      0.009698950685560703,
      0.00968347117304802,
      0.009652662090957165,
      0.0095754936337471,
      0.009522284381091595,
      0.00949312373995781,
      0.009447758086025715,
      0.009401523508131504,
      0.009398999623954296
    ]
  },
  "topic_6": {
    "words": [
      "call",
      "free",
      "pleas",
      "number",
      "stop",
      "send",
      "messag",
      "text",
      "repli",
      "how",
      "txt",
      "mobil",
      "ur",
      "phone",
      "new",
      "word",
      "point",
      "get",
      "hi",
      "tone"
    ],
    "probabilities": [
      0.05893859267234802,
      0.03189895674586296,
      0.025007862597703934,
      0.024758540093898773,
      0.01975199207663536,
      0.018893098458647728,
      0.018526287749409676,
      0.015032941475510597,
      0.013817311264574528,
      0.013801518827676773,
      0.013674703426659107,
      0.013354209251701832,
      0.013240509666502476,
      0.012755321338772774,
      0.010172929614782333,
      0.009577754884958267,
      0.009041388519108295,
      0.008921279571950436,
      0.008826639503240585,
      0.00826461985707283
    ]
  },
  "topic_7": {
    "words": [
      "work",
      "ltgt",
      "plan",
      "happi",
      "year",
      "new",
      "friend",
      "min",
      "ur",
      "time",
      "tomorrow",
      "next",
      "real",
      "great",
      "call",
      "di",
      "princess",
      "go",
      "tell",
      "would"
    ],
    "probabilities": [
      0.038588978350162506,
      0.036707472056150436,
      0.028056608512997627,
      0.02619853802025318,
      0.02556689642369747,
      0.021983835846185684,
      0.01781291514635086,
      0.015890849754214287,
      0.015662137418985367,
      0.013828110881149769,
      0.01334953960031271,
      0.01277004461735487,
      0.012269441038370132,
      0.011470849625766277,
      0.011227961629629135,
      0.011185985058546066,
      0.010724964551627636,
      0.010399378836154938,
      0.009957962669432163,
      0.009957829490303993
    ]
  },
  "topic_8": {
    "words": [
      "lol",
      "love",
      "ya",
      "late",
      "didnt",
      "lot",
      "bring",
      "get",
      "tonight",
      "dont",
      "said",
      "also",
      "still",
      "got",
      "might",
      "minut",
      "hear",
      "come",
      "wanna",
      "well"
    ],