{
  "K": 5,
  "alpha": 0.1,
  "beta": 0.01,
  "prior_scale": 0.1,
  "method": "svi",
  "val_accuracy": 0.6310331072995612,
  "val_auc": 0.5353859588515277
}