{
  "topic_0": {
    "words": [
      "ok",
      "im",
      "oki",
      "lor",
      "go",
      "rock",
      "player",
      "lei",
      "got",
      "ill",
      "remain",
      "convey",
      "great",
      "si",
      "sinc",
      "ard",
      "hold",
      "alon",
      "brother",
      "die"
    ],
    "probabilities": [
      0.05618030205368996,
      0.01381028350442648,
      0.01323141623288393,
      0.012288522906601429,
      0.011909120716154575,
      0.009641384705901146,
      0.00889856368303299,
      0.008605699986219406,
      0.008419989608228207,
      0.008123088628053665,
      0.007924563251435757,
      0.007893051952123642,
      0.007868580520153046,
      0.007840437814593315,
      0.007793807424604893,
      0.0077763935551047325,
      0.0075361719354987144,
      0.007448995485901833,
      0.0073772938922047615,
      0.007376070134341717
    ]
  },
  "topic_1": {
    "words": [
      "bu",
      "yo",
      "ur",
      "ltgt",
      "abt",
      "left",
      "download",
      "kiss",
      "send",
      "prob",
      "st",
      "hr",
      "park",
      "luv",
      "treat",
      "took",
      "stop",
      "ltdecimalgt",
      "id",
      "hello"
    ],
    "probabilities": [
      0.014225482009351254,
      0.012913662008941174,
      0.012617331929504871,
      0.012525562196969986,
      0.011491838842630386,
      0.010470191948115826,
      0.009479393251240253,
      0.009364395402371883,
      0.00908623356372118,
      0.008978178724646568,
      0.008917567320168018,
      0.008811439387500286,
      0.00861048698425293,
      0.008433905430138111,
      0.008427144959568977,
      0.00832595769315958,
      0.008274971507489681,
      0.008028864860534668,
      0.007846677675843239,
      0.007764807902276516
    ]
  },
  "topic_2": {
    "words": [
      "check",
      "got",
      "ltgt",
      "get",
      "what",
      "room",
      "im",
      "job",
      "also",
      "song",
      "dude",
      "first",
      "train",
      "car",
      "shall",
      "shop",
      "sir",
      "movi",
      "haha",
      "nope"
    ],
    "probabilities": [
      0.017749793827533722,
      0.015371737070381641,
      0.014870268292725086,
      0.014544193632900715,
      0.012523772194981575,
      0.012165259569883347,
      0.011190664954483509,
      0.010954308323562145,
      0.01030825451016426,
      0.009882187470793724,
      0.00943843461573124,
      0.00939810648560524,
      0.00907620508223772,
      0.009075370617210865,
      0.008939097635447979,
      0.008782980963587761,
      0.008502230048179626,
      0.008395126089453697,
      0.008243666030466557,
      0.008016309700906277
    ]
  },
  "topic_3": {
    "words": [
      "love",
      "thanx",
      "day",
      "im",
      "went",
      "come",
      "late",
      "go",
      "happi",
      "good",
      "amp",
      "pa",
      "hope",
      "wish",
      "nite",
      "told",
      "life",
      "great",
      "gud",
      "heart"
    ],
    "probabilities": [
      0.016425088047981262,
      0.015436448156833649,
      0.015423454344272614,
      0.014680232852697372,
      0.013145357370376587,
      0.012692091055214405,
      0.011684306897222996,
      0.011061008088290691,
      0.010903499089181423,
      0.010668161325156689,
      0.009811942465603352,
      0.00955564808100462,
      0.009398861788213253,
      0.009170500561594963,
      0.00900558102875948,
      0.008936939761042595,
      0.008720333687961102,
      0.008323662914335728,
      0.008222642354667187,
      0.00805316586047411
    ]
  },
  "topic_4": {
    "words": [
      "call",
      "noth",
      "long",
      "prize",
      "ur",
      "open",
      "urgent",
      "lar",
      "haf",
      "question",
      "dun",
      "take",
      "offic",
      "collect",
      "like",
      "mayb",
      "draw",
      "everi",
      "dont",
      "us"
    ],
    "probabilities": [
      0.01862453669309616,
      0.013512413017451763,
      0.011959760449826717,
      0.011671221815049648,
      0.010194538161158562,
      0.010151335969567299,
      0.009656907059252262,
      0.009583314880728722,
      0.009404309093952179,
      0.009290952235460281,
      0.009070760570466518,
      0.008449812419712543,
      0.008163735270500183,
      0.008007166907191277,
      0.007983163930475712,
      0.007975493557751179,
      0.007950910367071629,
      0.007881177589297295,
      0.007500768639147282,
      0.007417098619043827
    ]
  },
  "topic_5": {
    "words": [
      "go",
      "lor",
      "wat",
      "meet",
      "work",
      "place",
      "drive",
      "got",
      "dinner",
      "sleep",
      "fine",
      "ok",
      "hey",
      "ah",
      "finish",
      "oh",
      "havent",
      "want",
      "rememb",
      "okay"
    ],
    "probabilities": [
      0.03925216943025589,
      0.028742633759975433,
      0.02226724475622177,
      0.019314279779791832,
      0.01518596988171339,
      0.014413949102163315,
      0.014291674830019474,
      0.011812979355454445,
      0.011666422709822655,
      0.011643670499324799,
      0.01160747092217207,
      0.011074231006205082,
      0.010663973167538643,
      0.009834161028265953,
      0.009778046049177647,
      0.009614377282559872,
      0.00938198808580637,
      0.009314371272921562,
      0.008830847218632698,
      0.008804400451481342
    ]
  },
  "topic_6": {
    "words": [
      "call",
      "number",
      "pleas",
      "messag",
      "free",
      "stop",
      "text",
      "send",
      "special",
      "phone",
      "claim",
      "wait",
      "servic",
      "someon",
      "cost",
      "new",
      "end",
      "receiv",
      "speak",
      "appli"
    ],
    "probabilities": [
      0.07539981603622437,
      0.03521103411912918,
      0.03375905007123947,
      0.03065812587738037,
      0.024211229756474495,
      0.023722324520349503,
      0.01892617717385292,
      0.01856338046491146,
      0.018521368503570557,
      0.01780300959944725,
      0.014723832719027996,
      0.014549003913998604,
      0.014325733296573162,
      0.013960779644548893,
      0.013820735737681389,
      0.01377864833921194,
      0.013637935742735863,
      0.013089068233966827,
      0.011010969057679176,
      0.010650195181369781
    ]
  },
  "topic_7": {
    "words": [
      "free",
      "txt",
      "week",
      "word",
      "mobil",
      "nokia",
      "sent",
      "ur",
      "repli",
      "live",
      "chat",
      "use",
      "point",
      "caus",
      "call",
      "get",
      "tone",
      "de",
      "text",
      "account"
    ],
    "probabilities": [
      0.035410139709711075,
      0.027922164648771286,
      0.022866779938340187,
      0.021518468856811523,
      0.02089986577630043,
      0.020865103229880333,
      0.01945967599749565,
      0.016755491495132446,
      0.01670682616531849,
      0.016646236181259155,
      0.016521329060196877,
      0.01545732095837593,
      0.014245369471609592,
      0.013871913775801659,
      0.011909253895282745,
      0.011894400231540203,
      0.011682822369039059,
      0.011434812098741531,
      0.010447411797940731,
      0.009720442816615105
    ]
  },
  "topic_8": {
    "words": [
      "plan",
      "hi",
      "sure",
      "pick",
      "problem",
      "might",
      "well",
      "im",
      "even",
      "come",
      "dear",
      "guess",
      "call",
      "hour",
      "yep",
      "around",
      "get",
      "ill",
      "reach",
      "good"
    ],