{
  "K": 10,
  "alpha": 0.1,
  "beta": 0.5,
  "prior_scale": 0.1,
  "method": "svi",
  "val_accuracy": 0.5782652043868395,
  "val_auc": 0.5064708105044398
}