{
  "topic_0": {
    "words": [
      "im",
      "get",
      "call",
      "go",
      "come",
      "good",
      "ltgt",
      "ok",
      "dont",
      "ill",
      "want",
      "sorri",
      "much",
      "time",
      "love",
      "think",
      "need",
      "home",
      "know",
      "day"
    ],
    "probabilities": [
      0.01944553107023239,
      0.015808306634426117,
      0.014451119117438793,
      0.013754693791270256,
      0.013356047682464123,
      0.011160464957356453,
      0.01019925344735384,
      0.010157257318496704,
      0.009578598663210869,
      0.009490864351391792,
      0.009224302135407925,
      0.008798504248261452,
      0.008533262647688389,
      0.008006280288100243,
      0.007479563355445862,
      0.007404895033687353,
      0.007158770691603422,
      0.006731853820383549,
      0.006668989546597004,
      0.0064807431772351265
    ]
  },
  "topic_1": {
    "words": [
      "mobil",
      "free",
      "call",
      "ur",
      "tone",
      "yo",
      "messag",
      "anytim",
      "txt",
      "go",
      "pleas",
      "gd",
      "came",
      "repli",
      "week",
      "saw",
      "servic",
      "ah",
      "month",
      "amt"
    ],
    "probabilities": [
      0.01962108351290226,
      0.018914097920060158,
      0.017986632883548737,
      0.017360428348183632,
      0.014347844757139683,
      0.012768242508172989,
      0.012753400951623917,
      0.011695665307343006,
      0.011644039303064346,
      0.011592124588787556,
      0.011397301219403744,
      0.010816378518939018,
      0.01050593052059412,
      0.010444187559187412,
      0.010316574014723301,
      0.010306371375918388,
      0.010218294337391853,
      0.010091368108987808,
      0.010071965865790844,
      0.009855167008936405
    ]
  },
  "topic_2": {
    "words": [
      "thought",
      "pm",
      "nite",
      "cost",
      "hold",
      "ha",
      "may",
      "bed",
      "stand",
      "sweet",
      "dad",
      "post",
      "seem",
      "gym",
      "alright",
      "omw",
      "gotta",
      "min",
      "back",
      "see"
    ],
    "probabilities": [
      0.029165752232074738,
      0.026048602536320686,
      0.02496390789747238,
      0.023832514882087708,
      0.023055244237184525,
      0.022251330316066742,
      0.02118191123008728,
      0.020684396848082542,
      0.020538443699479103,
      0.01963818445801735,
      0.019099725410342216,
      0.018538283184170723,
      0.018284589052200317,
      0.018137378618121147,
      0.017359936609864235,
      0.01726013608276844,
      0.01708882860839367,
      0.016817638650536537,
      0.01677575521171093,
      0.016557855531573296
    ]
  },
  "topic_3": {
    "words": [
      "box",
      "holiday",
      "oredi",
      "haf",
      "brother",
      "space",
      "park",
      "normal",
      "cash",
      "weekend",
      "enough",
      "po",
      "wat",
      "drop",
      "he",
      "ltdecimalgt",
      "stop",
      "juz",
      "game",
      "today"
    ],
    "probabilities": [
      0.023659126833081245,
      0.022432103753089905,
      0.022417647764086723,
      0.02056809887290001,
      0.018572134897112846,
      0.017893953248858452,
      0.01773189567029476,
      0.017574438825249672,
      0.017503647133708,
      0.017323482781648636,
      0.016439929604530334,
      0.01605113036930561,
      0.0158931165933609,
      0.015226142480969429,
      0.014014430344104767,
      0.01391793042421341,
      0.013803239911794662,
      0.013499285094439983,
      0.012985088862478733,
      0.012799742631614208
    ]
  },
  "topic_4": {
    "words": [
      "hi",
      "way",
      "gonna",
      "surf",
      "player",
      "nice",
      "offic",
      "like",
      "wot",
      "babi",
      "wanna",
      "real",
      "miss",
      "cool",
      "enjoy",
      "dont",
      "know",
      "xxx",
      "hungri",
      "worri"
    ],
    "probabilities": [
      0.024432675912976265,
      0.01855461671948433,
      0.017049401998519897,
      0.015798848122358322,
      0.01490750815719366,
      0.014872943982481956,
      0.014836151152849197,
      0.014133406803011894,
      0.013617342337965965,
      0.013291815295815468,
      0.013196520507335663,
      0.013176188804209232,
      0.012767461128532887,
      0.012473339214920998,
      0.012340585701167583,
      0.011774116195738316,
      0.01129128597676754,
      0.011187251657247543,
      0.010596822947263718,
      0.010309691540896893
    ]
  },
  "topic_5": {
    "words": [
      "call",
      "today",
      "tri",
      "txt",
      "ur",
      "contact",
      "late",
      "win",
      "free",
      "claim",
      "els",
      "funni",
      "prize",
      "chanc",
      "test",
      "send",
      "min",
      "time",
      "cash",
      "per"
    ],
    "probabilities": [
      0.060871247202157974,
      0.020266136154532433,
      0.019294966012239456,
      0.01904965564608574,
      0.01807786524295807,
      0.017566272988915443,
      0.01600479707121849,
      0.015058638527989388,
      0.013117560185492039,
      0.011962175369262695,
      0.01149709802120924,
      0.011217005550861359,
      0.011173239909112453,
      0.01042100042104721,
      0.010230466723442078,
      0.009703254327178001,
      0.00908407848328352,
      0.009001157246530056,
      0.008795850910246372,
      0.008704325184226036
    ]
  },
  "topic_6": {
    "words": [
      "long",
      "go",
      "ju",
      "dun",
      "earli",
      "tell",
      "us",
      "dinner",
      "lei",
      "dunno",
      "alreadi",
      "wat",
      "told",
      "eat",
      "lor",
      "pretti",
      "havent",
      "disturb",
      "finish",
      "okay"
    ],
    "probabilities": [
      0.0218503400683403,
      0.020935751497745514,
      0.019976980984210968,
      0.018881354480981827,
      0.017980676144361496,
      0.017660051584243774,
      0.01747763901948929,
      0.0165870301425457,
      0.016047516837716103,
      0.015589085407555103,
      0.01506416592746973,
      0.01449977234005928,
      0.01414582785218954,
      0.013766571879386902,
      0.013763072900474072,
      0.013435169123113155,
      0.013337736018002033,
      0.013282479718327522,
      0.013203666545450687,
      0.01265664491802454
    ]
  },
  "topic_7": {
    "words": [
      "happi",
      "wish",
      "went",
      "love",
      "place",
      "what",
      "fine",
      "hey",
      "work",
      "im",
      "readi",
      "man",
      "run",
      "prob",
      "might",
      "nope",
      "colleg",
      "get",
      "hello",
      "say"
    ],
    "probabilities": [
      0.03775446489453316,
      0.020884448662400246,
      0.02085459791123867,
      0.019594157114624977,
      0.018485574051737785,
      0.018286442384123802,
      0.018267998471856117,
      0.017203187569975853,
      0.01689687743782997,
      0.016574285924434662,
      0.015793651342391968,
      0.015375012531876564,
      0.015049154870212078,
      0.01497026439756155,
      0.01492388267070055,
      0.014302350580692291,
      0.014280445873737335,
      0.013903887942433357,
      0.013361369259655476,
      0.012626184150576591
    ]
  },
  "topic_8": {
    "words": [
      "awesom",
      "amp",
      "haha",
      "drug",
      "abt",
      "ive",
      "snow",
      "yet",
      "made",
      "open",
      "eye",
      "without",
      "key",
      "answer",
      "frnd",
      "minut",
      "small",
      "thinkin",
      "anymor",
      "chang"
    ],