{
  "K": 10,
  "alpha": 1.0,
  "beta": 0.1,
  "prior_scale": 0.1,
  "method": "svi",
  "val_accuracy": 0.3609172482552343,
  "val_auc": 0.47837624306545523
}