{
  "topic_0": {
    "words": [
      "get",
      "well",
      "player",
      "funni",
      "man",
      "aight",
      "head",
      "great",
      "slept",
      "suppos",
      "librari",
      "normal",
      "download",
      "got",
      "go",
      "come",
      "tampa",
      "pub",
      "sad",
      "forgot"
    ],
    "probabilities": [
      0.014649356715381145,
      0.011332233436405659,
      0.01115468144416809,
      0.009291818365454674,
      0.00918554700911045,
      0.009114895015954971,
      0.008782176300883293,
      0.008741028606891632,
      0.008726551197469234,
      0.008661407977342606,
      0.008614612743258476,
      0.008522945456206799,
      0.008285295218229294,
      0.008230906911194324,
      0.008169720880687237,
      0.008032133802771568,
      0.0076775383204221725,
      0.007638196926563978,
      0.007517816498875618,
      0.007516597397625446
    ]
  },
  "topic_1": {
    "words": [
      "weekend",
      "rememb",
      "wot",
      "anytim",
      "actual",
      "mobil",
      "chang",
      "gotta",
      "avail",
      "po",
      "bring",
      "den",
      "aint",
      "charg",
      "camera",
      "eye",
      "one",
      "best",
      "exam",
      "import"
    ],
    "probabilities": [
      0.019742796197533607,
      0.01604320853948593,
      0.01571120135486126,
      0.015350069850683212,
      0.014775936491787434,
      0.014224449172616005,
      0.013657504692673683,
      0.013460351154208183,
      0.012563841417431831,
      0.012432925403118134,
      0.012022682465612888,
      0.011706157587468624,
      0.011558606289327145,
      0.011484743095934391,
      0.0111885666847229,
      0.011132516898214817,
      0.010928358882665634,
      0.010909341275691986,
      0.010663144290447235,
      0.0104760667309165
    ]
  },
  "topic_2": {
    "words": [
      "wat",
      "oki",
      "yet",
      "ok",
      "noth",
      "go",
      "watch",
      "surf",
      "told",
      "earli",
      "get",
      "also",
      "havent",
      "prob",
      "lei",
      "probabl",
      "dun",
      "hungri",
      "car",
      "problem"
    ],
    "probabilities": [
      0.039260171353816986,
      0.022510092705488205,
      0.018790818750858307,
      0.0163950826972723,
      0.016270745545625687,
      0.013998725451529026,
      0.013869605958461761,
      0.013693932443857193,
      0.01325103361159563,
      0.01294267363846302,
      0.012307798489928246,
      0.011844522319734097,
      0.011416710913181305,
      0.011009376496076584,
      0.010979264043271542,
      0.010689771734178066,
      0.010677683167159557,
      0.01065189577639103,
      0.010387016460299492,
      0.009798575192689896
    ]
  },
  "topic_3": {
    "words": [
      "go",
      "lor",
      "meet",
      "im",
      "class",
      "come",
      "check",
      "show",
      "send",
      "wanna",
      "sure",
      "get",
      "point",
      "first",
      "account",
      "ltgt",
      "job",
      "readi",
      "song",
      "train"
    ],
    "probabilities": [
      0.02571738325059414,
      0.017183838412165642,
      0.014863558113574982,
      0.013782993890345097,
      0.01302012987434864,
      0.011649543419480324,
      0.011019672267138958,
      0.010573000647127628,
      0.010327550582587719,
      0.010260342620313168,
      0.009761042892932892,
      0.009588485583662987,
      0.009563034400343895,
      0.009124238044023514,
      0.00895592663437128,
      0.008795508183538914,
      0.00870610773563385,
      0.008673680014908314,
      0.008641591295599937,
      0.008540913462638855
    ]
  },
  "topic_4": {
    "words": [
      "love",
      "ya",
      "wish",
      "guy",
      "babe",
      "left",
      "need",
      "nite",
      "awesom",
      "amt",
      "miss",
      "hey",
      "birthday",
      "ha",
      "sinc",
      "babi",
      "see",
      "heart",
      "hello",
      "kiss"
    ],
    "probabilities": [
      0.024574153125286102,
      0.018699301406741142,
      0.016674933955073357,
      0.014889730140566826,
      0.013705766759812832,
      0.013257921673357487,
      0.012735395692288876,
      0.01264102291315794,
      0.012444213964045048,
      0.01203527208417654,
      0.011986223980784416,
      0.011616627685725689,
      0.011085841804742813,
      0.01095889788120985,
      0.010921824723482132,
      0.010584295727312565,
      0.010555434972047806,
      0.010274498723447323,
      0.010194663889706135,
      0.01012606080621481
    ]
  },
  "topic_5": {
    "words": [
      "im",
      "da",
      "dont",
      "come",
      "late",
      "went",
      "offic",
      "name",
      "fuck",
      "dad",
      "guess",
      "like",
      "stand",
      "walk",
      "hold",
      "take",
      "bit",
      "stay",
      "night",
      "pain"
    ],
    "probabilities": [
      0.014368293806910515,
      0.012003209441900253,
      0.011477201245725155,
      0.010814843699336052,
      0.010551629588007927,
      0.0105105796828866,
      0.010070765390992165,
      0.009300422854721546,
      0.009160516783595085,
      0.008820557966828346,
      0.008729121647775173,
      0.008693750947713852,
      0.008574452251195908,
      0.00848457682877779,
      0.008424953557550907,
      0.008393913507461548,
      0.008223604410886765,
      0.00810921099036932,
      0.00792980007827282,
      0.007915097288787365
    ]
  },
  "topic_6": {
    "words": [
      "call",
      "free",
      "txt",
      "ur",
      "text",
      "min",
      "phone",
      "contact",
      "repli",
      "messag",
      "claim",
      "cost",
      "mobil",
      "collect",
      "urgent",
      "win",
      "get",
      "prize",
      "month",
      "award"
    ],
    "probabilities": [
      0.05298236012458801,
      0.028572898358106613,
      0.020687054842710495,
      0.016793806105852127,
      0.016586869955062866,
      0.01390897762030363,
      0.01289734710007906,
      0.012688231654465199,
      0.01258984487503767,
      0.01253080740571022,
      0.012482105754315853,
      0.010982157662510872,
      0.010342725552618504,
      0.00996209867298603,
      0.009442716836929321,
      0.009105310775339603,
      0.00908729713410139,
      0.00853116624057293,
      0.00837119109928608,
      0.008273785933852196
    ]
  },
  "topic_7": {
    "words": [
      "ltgt",
      "happen",
      "sleep",
      "finish",
      "long",
      "reach",
      "said",
      "buy",
      "amp",
      "thanx",
      "ju",
      "haha",
      "well",
      "post",
      "nice",
      "th",
      "saw",
      "shop",
      "wake",
      "minut"
    ],
    "probabilities": [
      0.04325530305504799,
      0.03182022273540497,
      0.027043022215366364,
      0.02689657174050808,
      0.02613557130098343,
      0.021746855229139328,
      0.019680682569742203,
      0.01822655275464058,
      0.01806669309735298,
      0.01742035336792469,
      0.01729580946266651,
      0.016216455027461052,
      0.015955524519085884,
      0.014978589490056038,
      0.014075646176934242,
      0.013478229753673077,
      0.012774788774549961,
      0.011911239475011826,
      0.011522604152560234,
      0.011176506988704205
    ]
  },
  "topic_8": {
    "words": [
      "could",
      "thank",
      "ok",
      "realli",
      "sorri",
      "mean",
      "right",
      "start",
      "care",
      "im",
      "play",
      "still",
      "week",
      "lot",
      "get",
      "call",
      "princess",
      "good",
      "go",
      "wonder"
    ],