{
  "K": 20,
  "alpha": 0.5,
  "beta": 0.1,
  "prior_scale": 0.1,
  "method": "svi",
  "val_accuracy": 0.5420821699242122,
  "val_auc": 0.5240693064420608
}