{
  "K": 10,
  "alpha": 0.5,
  "beta": 0.5,
  "prior_scale": 0.1,
  "method": "svi",
  "val_accuracy": 0.48554336989032904,
  "val_auc": 0.5043238926197551
}