{
  "topic_0": {
    "words": [
      "ok",
      "im",
      "go",
      "get",
      "call",
      "like",
      "come",
      "good",
      "got",
      "know",
      "ill",
      "lor",
      "ltgt",
      "want",
      "home",
      "da",
      "sorri",
      "today",
      "time",
      "dont"
    ],
    "probabilities": [
      0.024496082216501236,
      0.018516378477215767,
      0.016605833545327187,
      0.01315384078770876,
      0.012435843236744404,
      0.01181923970580101,
      0.0107872998341918,
      0.009282000362873077,
      0.00922884326428175,
      0.00888128113001585,
      0.008695956319570541,
      0.007881337776780128,
      0.007349956780672073,
      0.007204118650406599,
      0.007135065272450447,
      0.007090914994478226,
      0.007085142191499472,
      0.006919968873262405,
      0.006890332326292992,
      0.006866905838251114
    ]
  },
  "topic_1": {
    "words": [
      "call",
      "come",
      "im",
      "get",
      "ltgt",
      "dont",
      "much",
      "ill",
      "dear",
      "time",
      "day",
      "got",
      "want",
      "one",
      "go",
      "later",
      "home",
      "pick",
      "class",
      "know"
    ],
    "probabilities": [
      0.02099691703915596,
      0.01629585213959217,
      0.01527239941060543,
      0.013587920926511288,
      0.012749322690069675,
      0.012674493715167046,
      0.01194097101688385,
      0.010775342583656311,
      0.01056179590523243,
      0.010497227311134338,
      0.010314185172319412,
      0.009980742819607258,
      0.009538249112665653,
      0.009403805248439312,
      0.009341046214103699,
      0.009214354678988457,
      0.008724786341190338,
      0.008356275036931038,
      0.007747891824692488,
      0.007355461362749338
    ]
  },
  "topic_2": {
    "words": [
      "went",
      "drive",
      "place",
      "nite",
      "may",
      "weekend",
      "chang",
      "lor",
      "princess",
      "okay",
      "anoth",
      "go",
      "wake",
      "free",
      "dat",
      "book",
      "readi",
      "man",
      "line",
      "post"
    ],
    "probabilities": [
      0.015287132933735847,
      0.01357998326420784,
      0.013493201695382595,
      0.011531001888215542,
      0.010633829049766064,
      0.010560176335275173,
      0.00985493790358305,
      0.009852263145148754,
      0.009500610642135143,
      0.009432382881641388,
      0.009413399733603,
      0.009098277427256107,
      0.009085786528885365,
      0.009043988771736622,
      0.008608335629105568,
      0.008529574610292912,
      0.00777446897700429,
      0.007740733213722706,
      0.007484307046979666,
      0.0073146880604326725
    ]
  },
  "topic_3": {
    "words": [
      "open",
      "train",
      "rock",
      "account",
      "wot",
      "mayb",
      "song",
      "surf",
      "full",
      "player",
      "show",
      "tmr",
      "prob",
      "came",
      "download",
      "brother",
      "wine",
      "noe",
      "run",
      "disturb"
    ],
    "probabilities": [
      0.019326012581586838,
      0.019091755151748657,
      0.01856890134513378,
      0.018355345353484154,
      0.017866576090455055,
      0.017652278766036034,
      0.017466237768530846,
      0.016330981627106667,
      0.01593002676963806,
      0.01589416153728962,
      0.015475929714739323,
      0.0146243991330266,
      0.014596253633499146,
      0.014502977952361107,
      0.014084713533520699,
      0.014063996262848377,
      0.013811072334647179,
      0.012778974138200283,
      0.012727124616503716,
      0.01253676787018776
    ]
  },
  "topic_4": {
    "words": [
      "txt",
      "free",
      "mobil",
      "call",
      "week",
      "claim",
      "ur",
      "text",
      "win",
      "cash",
      "prize",
      "room",
      "servic",
      "wanna",
      "custom",
      "movi",
      "stop",
      "award",
      "ju",
      "collect"
    ],
    "probabilities": [
      0.019947031512856483,
      0.016986997798085213,
      0.015234632417559624,
      0.01511877030134201,
      0.01312078908085823,
      0.012793567031621933,
      0.01196249295026064,
      0.01177178230136633,
      0.010748030617833138,
      0.010534863919019699,
      0.009961405768990517,
      0.009846867993474007,
      0.009577232412993908,
      0.009307964704930782,
      0.009154176339507103,
      0.009096833877265453,
      0.008903191424906254,
      0.008875460363924503,
      0.008849727921187878,
      0.00857628509402275
    ]
  }
}