{
  "K": 10,
  "alpha": 0.5,
  "beta": 0.1,
  "prior_scale": 1.0,
  "method": "svi",
  "val_accuracy": 0.42572283150548357,
  "val_auc": 0.5771902856259554
}