{
  "K": 5,
  "alpha": 0.1,
  "beta": 0.5,
  "prior_scale": 0.1,
  "method": "mcmc",
  "val_accuracy": 0.8664007976071785,
  "val_auc": 0.9291001837761711
}