{
  "K": 5,
  "alpha": 0.5,
  "beta": 0.01,
  "prior_scale": 1.0,
  "method": "svi",
  "val_accuracy": 0.6939182452642074,
  "val_auc": 0.4754435532349759
}