{
  "K": 5,
  "alpha": 1.0,
  "beta": 0.5,
  "prior_scale": 0.1,
  "method": "svi",
  "val_accuracy": 0.4902273633825289,
  "val_auc": 0.4690138952863504
}