{
  "K": 15,
  "alpha": 0.5,
  "beta": 0.1,
  "prior_scale": 1.0,
  "method": "svi",
  "val_accuracy": 0.31306081754735793,
  "val_auc": 0.4434888274393281
}