{
  "topic_0": {
    "words": [
      "call",
      "im",
      "ok",
      "get",
      "come",
      "ill",
      "go",
      "good",
      "sorri",
      "want",
      "much",
      "dont",
      "time",
      "ltgt",
      "da",
      "got",
      "pick",
      "dear",
      "know",
      "like"
    ],
    "probabilities": [
      0.024859387427568436,
      0.016617316752672195,
      0.013858032412827015,
      0.013305791653692722,
      0.012320347130298615,
      0.01220133900642395,
      0.012098591774702072,
      0.011714871972799301,
      0.010320940986275673,
      0.010018287226557732,
      0.009060004726052284,
      0.008998856879770756,
      0.008847024291753769,
      0.008587060496211052,
      0.00840497761964798,
      0.008069023489952087,
      0.00783754326403141,
      0.007469419855624437,
      0.007157832384109497,
      0.00711078429594636
    ]
  },
  "topic_1": {
    "words": [
      "big",
      "dude",
      "got",
      "love",
      "could",
      "actual",
      "song",
      "minut",
      "dont",
      "head",
      "get",
      "man",
      "snow",
      "rock",
      "kiss",
      "though",
      "know",
      "els",
      "wont",
      "im"
    ],
    "probabilities": [
      0.014986217021942139,
      0.014590122736990452,
      0.014189820736646652,
      0.01348538976162672,
      0.012738125398755074,
      0.012701085768640041,
      0.012076360173523426,
      0.01161666214466095,
      0.011454938910901546,
      0.011418646201491356,
      0.010975686833262444,
      0.010528556071221828,
      0.010404033586382866,
      0.010302355512976646,
      0.010171018540859222,
      0.010057112202048302,
      0.010034257546067238,
      0.009896107949316502,
      0.009810259565711021,
      0.009468384087085724
    ]
  },
  "topic_2": {
    "words": [
      "lor",
      "liao",
      "dun",
      "juz",
      "wif",
      "hungri",
      "onlin",
      "disturb",
      "saw",
      "there",
      "thk",
      "go",
      "came",
      "never",
      "bore",
      "address",
      "ring",
      "hey",
      "den",
      "havent"
    ],
    "probabilities": [
      0.0173682551831007,
      0.014934459701180458,
      0.013963100500404835,
      0.012941990047693253,
      0.012592391110956669,
      0.012413407675921917,
      0.012239241041243076,
      0.012167265638709068,
      0.011781197972595692,
      0.011739466339349747,
      0.011709664016962051,
      0.011699648573994637,
      0.011514264158904552,
      0.011399274691939354,
      0.010832615196704865,
      0.010654523968696594,
      0.010388663969933987,
      0.010353535413742065,
      0.010282129980623722,
      0.010214120149612427
    ]
  },
  "topic_3": {
    "words": [
      "oki",
      "claim",
      "prize",
      "call",
      "collect",
      "cash",
      "urgent",
      "contact",
      "award",
      "ppm",
      "seem",
      "nd",
      "exam",
      "guarante",
      "holiday",
      "yesterday",
      "draw",
      "final",
      "th",
      "trip"
    ],
    "probabilities": [
      0.02614353969693184,
      0.02532387338578701,
      0.02283637411892414,
      0.019530771300196648,
      0.018669724464416504,
      0.018076566979289055,
      0.017852885648608208,
      0.017394252121448517,
      0.01593640446662903,
      0.013538474217057228,
      0.013010871596634388,
      0.012717338278889656,
      0.01268197875469923,
      0.012510607950389385,
      0.01250980794429779,
      0.01215152908116579,
      0.01212394144386053,
      0.012049837969243526,
      0.012027019634842873,
      0.011851022951304913
    ]
  },
  "topic_4": {
    "words": [
      "today",
      "wish",
      "heart",
      "amp",
      "food",
      "player",
      "show",
      "town",
      "surf",
      "okay",
      "happi",
      "keep",
      "month",
      "tmr",
      "anytim",
      "weekend",
      "birthday",
      "simpl",
      "need",
      "compani"
    ],
    "probabilities": [
      0.021782543510198593,
      0.015449833124876022,
      0.014178717508912086,
      0.014067004434764385,
      0.012393172830343246,
      0.012097912840545177,
      0.011684405617415905,
      0.011664189398288727,
      0.011112694628536701,
      0.011087879538536072,
      0.010590474121272564,
      0.01036857906728983,
      0.00991921965032816,
      0.009725254029035568,
      0.00955207459628582,
      0.00948177557438612,
      0.009328099898993969,
      0.008936876431107521,
      0.008841047063469887,
      0.008827735669910908
    ]
  },
  "topic_5": {
    "words": [
      "free",
      "txt",
      "get",
      "ur",
      "mobil",
      "text",
      "call",
      "messag",
      "win",
      "gud",
      "nokia",
      "week",
      "hear",
      "everi",
      "repli",
      "chanc",
      "sir",
      "tone",
      "real",
      "may"
    ],
    "probabilities": [
      0.024216976016759872,
      0.0170388612896204,
      0.016800181940197945,
      0.01649610325694084,
      0.01599765010178089,
      0.015892550349235535,
      0.01543443463742733,
      0.012980022467672825,
      0.012558616697788239,
      0.011501908302307129,
      0.011364143341779709,
      0.010542458854615688,
      0.010371770709753036,
      0.009917816147208214,
      0.009833715856075287,
      0.009349324740469456,
      0.009336426854133606,
      0.009315166622400284,
      0.009146668016910553,
      0.008824571967124939
    ]
  },
  "topic_6": {
    "words": [
      "ltgt",
      "min",
      "pa",
      "said",
      "special",
      "play",
      "ju",
      "rememb",
      "shall",
      "di",
      "yet",
      "mayb",
      "wan",
      "lei",
      "us",
      "lunch",
      "finish",
      "know",
      "went",
      "speak"
    ],
    "probabilities": [
      0.017515497282147408,
      0.0168245080858469,
      0.015812957659363747,
      0.015339440666139126,
      0.014159572310745716,
      0.01395330298691988,
      0.013298379257321358,
      0.0119479950517416,
      0.011775225400924683,
      0.01106343325227499,
      0.011040961369872093,
      0.010993735864758492,
      0.010608669370412827,
      0.010370887815952301,
      0.009895739145576954,
      0.00969545729458332,
      0.009510904550552368,
      0.009509269148111343,
      0.009492677636444569,
      0.009408459067344666
    ]
  },
  "topic_7": {
    "words": [
      "fine",
      "late",
      "one",
      "stop",
      "how",
      "guess",
      "call",
      "might",
      "date",
      "earli",
      "slept",
      "go",
      "im",
      "even",
      "littl",
      "love",
      "chat",
      "mum",
      "repli",
      "servic"
    ],
    "probabilities": [
      0.03954106196761131,
      0.033887263387441635,
      0.02739609405398369,
      0.02421119064092636,
      0.021088605746626854,
      0.020183585584163666,
      0.0181967131793499,
      0.017330007627606392,
      0.015660379081964493,
      0.012422788888216019,
      0.011803139001131058,
      0.011686590500175953,
      0.011471416801214218,
      0.011451811529695988,
      0.011450310237705708,
      0.011279554106295109,
      0.011065897531807423,
      0.01068911049515009,
      0.010631526820361614,
      0.010467778891324997
    ]
  },
  "topic_8": {
    "words": [
      "room",
      "start",
      "word",
      "offic",
      "open",
      "train",
      "problem",
      "hello",
      "person",
      "point",
      "morn",
      "tomorrow",
      "mind",
      "da",
      "gym",
      "stori",
      "princess",
      "account",
      "howz",
      "wear"
    ],