{
  "K": 10,
  "alpha": 1.0,
  "beta": 0.01,
  "prior_scale": 0.1,
  "method": "svi",
  "val_accuracy": 0.5483549351944168,
  "val_auc": 0.5016359514281298
}