{
  "topic_0": {
    "words": [
      "surf",
      "get",
      "player",
      "nope",
      "great",
      "ur",
      "rock",
      "hungri",
      "know",
      "im",
      "come",
      "convey",
      "birthday",
      "brother",
      "download",
      "sinc",
      "go",
      "colleg",
      "remain",
      "snow"
    ],
    "probabilities": [
      0.009574034251272678,
      0.009258390404284,
      0.009155725128948689,
      0.009128039702773094,
      0.008784149773418903,
      0.008581459522247314,
      0.008514133282005787,
      0.00830052513629198,
      0.008109113201498985,
      0.007898582145571709,
      0.007883170619606972,
      0.007842237129807472,
      0.007766543887555599,
      0.007709113880991936,
      0.007646346464753151,
      0.007359228562563658,
      0.007252357434481382,
      0.00714070675894618,
      0.00707757705822587,
      0.006862984038889408
    ]
  },
  "topic_1": {
    "words": [
      "your",
      "minut",
      "went",
      "haha",
      "pay",
      "know",
      "late",
      "come",
      "wif",
      "actual",
      "hold",
      "mean",
      "walk",
      "awesom",
      "decid",
      "havent",
      "post",
      "search",
      "pretti",
      "dont"
    ],
    "probabilities": [
      0.023512588813900948,
      0.020529022440314293,
      0.014358989894390106,
      0.013805285096168518,
      0.0133662736043334,
      0.01266941986978054,
      0.012267607264220715,
      0.012188064865767956,
      0.011204756796360016,
      0.011121590621769428,
      0.01103999000042677,
      0.010858122259378433,
      0.010673031210899353,
      0.010551609098911285,
      0.010360749438405037,
      0.009742185473442078,
      0.009392769075930119,
      0.008859201334416866,
      0.00852181762456894,
      0.00842178426682949
    ]
  },
  "topic_2": {
    "words": [
      "lor",
      "go",
      "oki",
      "wat",
      "check",
      "princess",
      "yup",
      "yet",
      "ah",
      "real",
      "song",
      "noth",
      "ok",
      "open",
      "problem",
      "like",
      "shall",
      "got",
      "abt",
      "haf"
    ],
    "probabilities": [
      0.020768744871020317,
      0.016801603138446808,
      0.016395017504692078,
      0.016222750768065453,
      0.014331349171698093,
      0.013710037805140018,
      0.013616500422358513,
      0.013327425345778465,
      0.012255704030394554,
      0.011159374378621578,
      0.010846712626516819,
      0.01084304228425026,
      0.010453805327415466,
      0.010357166640460491,
      0.010332310572266579,
      0.010031657293438911,
      0.009990489110350609,
      0.009640815667808056,
      0.009618394076824188,
      0.0094990823417902
    ]
  },
  "topic_3": {
    "words": [
      "call",
      "claim",
      "txt",
      "mobil",
      "free",
      "number",
      "ur",
      "sir",
      "prize",
      "cash",
      "what",
      "contact",
      "award",
      "urgent",
      "bu",
      "how",
      "wait",
      "week",
      "send",
      "receiv"
    ],
    "probabilities": [
      0.03165079280734062,
      0.017535794526338577,
      0.0166757982224226,
      0.015504667535424232,
      0.015439571812748909,
      0.014383973553776741,
      0.01380212139338255,
      0.012852681800723076,
      0.012721886858344078,
      0.011349461041390896,
      0.010602051392197609,
      0.010598565451800823,
      0.010428652167320251,
      0.010380854830145836,
      0.010203373618423939,
      0.010114933364093304,
      0.009713508188724518,
      0.009458973072469234,
      0.009272902272641659,
      0.009136868640780449
    ]
  },
  "topic_4": {
    "words": [
      "like",
      "got",
      "dont",
      "ltgt",
      "hous",
      "yo",
      "keep",
      "see",
      "de",
      "worri",
      "dude",
      "earli",
      "prob",
      "wont",
      "play",
      "seem",
      "shit",
      "two",
      "she",
      "he"
    ],
    "probabilities": [
      0.016838645562529564,
      0.016788437962532043,
      0.013134445063769817,
      0.012246459722518921,
      0.01222133357077837,
      0.011468764394521713,
      0.011026252992451191,
      0.01073162630200386,
      0.009794353507459164,
      0.009576993063092232,
      0.009357399307191372,
      0.009250763803720474,
      0.008982100524008274,
      0.008914582431316376,
      0.008762934245169163,
      0.008600245229899883,
      0.008493165485560894,
      0.008476464077830315,
      0.008457024581730366,
      0.008455447852611542
    ]
  },
  "topic_5": {
    "words": [
      "finish",
      "go",
      "car",
      "chang",
      "ju",
      "readi",
      "ive",
      "yeah",
      "place",
      "age",
      "rememb",
      "reach",
      "mayb",
      "address",
      "exam",
      "bath",
      "school",
      "anyway",
      "disturb",
      "da"
    ],
    "probabilities": [
      0.014937029220163822,
      0.013711483217775822,
      0.01315013412386179,
      0.012521590106189251,
      0.01199131179600954,
      0.011893493123352528,
      0.011128452606499195,
      0.010889801196753979,
      0.010245153680443764,
      0.009690523147583008,
      0.009481663815677166,
      0.0092553636059165,
      0.009245915338397026,
      0.00919047836214304,
      0.009084458462893963,
      0.00901066791266203,
      0.008870705030858517,
      0.008749069646000862,
      0.008644741028547287,
      0.00859896745532751
    ]
  },
  "topic_6": {
    "words": [
      "love",
      "im",
      "home",
      "sent",
      "also",
      "call",
      "phone",
      "bring",
      "get",
      "feel",
      "got",
      "babe",
      "miss",
      "fuck",
      "heart",
      "still",
      "live",
      "good",
      "could",
      "watch"
    ],
    "probabilities": [
      0.02122606709599495,
      0.01644010655581951,
      0.012005366384983063,
      0.010545014403760433,
      0.009816481731832027,
      0.009676879271864891,
      0.009673050604760647,
      0.009325777180492878,
      0.009063669480383396,
      0.008758780546486378,
      0.008385498076677322,
      0.008317377418279648,
      0.00813473854213953,
      0.007929272018373013,
      0.007654779125005007,
      0.0076533155515789986,
      0.007559903897345066,
      0.007525857537984848,
      0.007525774650275707,
      0.007406692951917648
    ]
  },
  "topic_7": {
    "words": [
      "call",
      "hi",
      "pleas",
      "free",
      "new",
      "text",
      "get",
      "good",
      "stop",
      "min",
      "ye",
      "back",
      "send",
      "repli",
      "messag",
      "year",
      "see",
      "thank",
      "time",
      "ltgt"
    ],
    "probabilities": [
      0.04906783998012543,
      0.02703552320599556,
      0.021625442430377007,
      0.01740652695298195,
      0.016864348202943802,
      0.016478462144732475,
      0.015454409644007683,
      0.015431287698447704,
      0.015308819711208344,
      0.01469254307448864,
      0.014507098123431206,
      0.014496520161628723,
      0.01393116544932127,
      0.013652190566062927,
      0.013283319771289825,
      0.012842027470469475,
      0.01269653718918562,
      0.010831819847226143,
      0.010308954864740372,
      0.01019067782908678
    ]
  },
  "topic_8": {
    "words": [
      "care",
      "ok",
      "mind",
      "fun",
      "anoth",
      "sure",
      "im",
      "ill",
      "call",
      "sorri",
      "come",
      "go",
      "get",
      "yep",
      "make",
      "even",
      "fine",
      "like",
      "shop",
      "reach"
    ],