{
  "topic_0": {
    "words": [
      "im",
      "get",
      "call",
      "come",
      "go",
      "want",
      "got",
      "ok",
      "good",
      "dont",
      "time",
      "ur",
      "know",
      "home",
      "ltgt",
      "like",
      "ill",
      "take",
      "need",
      "still"
    ],
    "probabilities": [
      0.019867217168211937,
      0.01599891483783722,
      0.015500773675739765,
      0.013585426844656467,
      0.013251466676592827,
      0.010969545692205429,
      0.010246195830404758,
      0.009831500239670277,
      0.00961330533027649,
      0.009601528756320477,
      0.009535075165331364,
      0.009030275046825409,
      0.00888525228947401,
      0.008699542842805386,
      0.008672128431499004,
      0.008613832294940948,
      0.007670563645660877,
      0.007558844052255154,
      0.0072118015959858894,
      0.007090868894010782
    ]
  },
  "topic_1": {
    "words": [
      "free",
      "number",
      "win",
      "txt",
      "man",
      "ya",
      "haf",
      "receiv",
      "offer",
      "custom",
      "chanc",
      "pa",
      "sinc",
      "new",
      "claim",
      "gotta",
      "wait",
      "mobil",
      "orang",
      "award"
    ],
    "probabilities": [
      0.021085381507873535,
      0.01881319470703602,
      0.01706290803849697,
      0.01629531756043434,
      0.015455824322998524,
      0.015362465754151344,
      0.015320372767746449,
      0.015145679004490376,
      0.01447651069611311,
      0.014474605210125446,
      0.013181056827306747,
      0.013136032968759537,
      0.01273292489349842,
      0.012334326282143593,
      0.012121301144361496,
      0.011889494955539703,
      0.01160146202892065,
      0.011463051661849022,
      0.011350144632160664,
      0.010916456580162048
    ]
  },
  "topic_2": {
    "words": [
      "ok",
      "fine",
      "yup",
      "rememb",
      "earli",
      "make",
      "person",
      "hous",
      "call",
      "gud",
      "wine",
      "shop",
      "prob",
      "real",
      "your",
      "talk",
      "thank",
      "oh",
      "sure",
      "ltgt"
    ],
    "probabilities": [
      0.07818993926048279,
      0.022124670445919037,
      0.020166434347629547,
      0.019657066091895103,
      0.018209822475910187,
      0.01696247048676014,
      0.014521926641464233,
      0.014481176622211933,
      0.014329049736261368,
      0.014249727129936218,
      0.014021644368767738,
      0.014016340486705303,
      0.013762792572379112,
      0.013429061509668827,
      0.013269258663058281,
      0.01249327976256609,
      0.0116568673402071,
      0.010382596403360367,
      0.010243463329970837,
      0.010129192844033241
    ]
  },
  "topic_3": {
    "words": [
      "minut",
      "yo",
      "ah",
      "sound",
      "awesom",
      "download",
      "might",
      "chang",
      "saw",
      "da",
      "text",
      "nd",
      "pleas",
      "alright",
      "leav",
      "go",
      "that",
      "head",
      "worri",
      "colleg"
    ],
    "probabilities": [
      0.024302616715431213,
      0.017865480855107307,
      0.0173152107745409,
      0.016850704327225685,
      0.01596040092408657,
      0.015874523669481277,
      0.01543391216546297,
      0.015151199884712696,
      0.014910190366208553,
      0.013641138561069965,
      0.013169552199542522,
      0.012579560279846191,
      0.012232608161866665,
      0.01203281432390213,
      0.011867919936776161,
      0.011777899228036404,
      0.011643480509519577,
      0.011116011999547482,
      0.010822798125445843,
      0.010600053705275059
    ]
  },
  "topic_4": {
    "words": [
      "go",
      "call",
      "sent",
      "ok",
      "say",
      "haha",
      "hungri",
      "lei",
      "plan",
      "wot",
      "disturb",
      "us",
      "still",
      "there",
      "im",
      "pay",
      "email",
      "tell",
      "get",
      "point"
    ],
    "probabilities": [
      0.03245211020112038,
      0.030032752081751823,
      0.02371879294514656,
      0.023146839812397957,
      0.017026256769895554,
      0.016904983669519424,
      0.01640322618186474,
      0.015220778994262218,
      0.013553055934607983,
      0.01345616765320301,
      0.013325478881597519,
      0.013043832033872604,
      0.012643828988075256,
      0.011515368707478046,
      0.011441878974437714,
      0.01117859035730362,
      0.011068463325500488,
      0.010033201426267624,
      0.009679863229393959,
      0.009679540060460567
    ]
  },
  "topic_5": {
    "words": [
      "stay",
      "tampa",
      "guess",
      "back",
      "enough",
      "suppos",
      "start",
      "cash",
      "school",
      "compani",
      "buy",
      "littl",
      "carlo",
      "yep",
      "import",
      "without",
      "th",
      "sad",
      "he",
      "food"
    ],
    "probabilities": [
      0.02095409668982029,
      0.018139434978365898,
      0.017725870013237,
      0.017483554780483246,
      0.01688256859779358,
      0.016097914427518845,
      0.01560013648122549,
      0.015315043739974499,
      0.015248813666403294,
      0.015092468820512295,
      0.013982055708765984,
      0.01359017938375473,
      0.013390135951340199,
      0.012587805278599262,
      0.012325198389589787,
      0.01230632048100233,
      0.012276846915483475,
      0.012072894722223282,
      0.011626927182078362,
      0.011513205245137215
    ]
  },
  "topic_6": {
    "words": [
      "heart",
      "train",
      "movi",
      "age",
      "fun",
      "left",
      "normal",
      "smile",
      "funni",
      "watch",
      "enjoy",
      "slept",
      "dnt",
      "tomorrow",
      "txt",
      "film",
      "special",
      "murder",
      "tire",
      "run"
    ],
    "probabilities": [
      0.025347458198666573,
      0.022645579650998116,
      0.021772626787424088,
      0.02123170532286167,
      0.018206024542450905,
      0.018146075308322906,
      0.018021730706095695,
      0.017363866791129112,
      0.017352242022752762,
      0.017283877357840538,
      0.016752364113926888,
      0.015788758173584938,
      0.014104743488132954,
      0.013698705472052097,
      0.013510228134691715,
      0.013493698090314865,
      0.012385436333715916,
      0.011833872646093369,
      0.010683009400963783,
      0.010373054072260857
    ]
  },
  "topic_7": {
    "words": [
      "birthday",
      "convey",
      "dnt",
      "ha",
      "eye",
      "wish",
      "sat",
      "ring",
      "snow",
      "join",
      "ppm",
      "stand",
      "po",
      "kiss",
      "regard",
      "better",
      "pain",
      "peopl",
      "ard",
      "book"
    ],
    "probabilities": [
      0.11660534143447876,
      0.10731412470340729,
      0.06247296184301376,
      0.038970135152339935,
      0.03139850124716759,
      0.026407208293676376,
      0.024624809622764587,
      0.023216597735881805,
      0.021431565284729004,
      0.01898874342441559,
      0.018658407032489777,
      0.018384909257292747,
      0.016487009823322296,
      0.015396996401250362,
      0.015338955447077751,
      0.014306987635791302,
      0.014266975224018097,
      0.0139501066878438,
      0.013775359839200974,
      0.013164135627448559
    ]
  },
  "topic_8": {
    "words": [
      "snow",
      "ha",
      "ppm",
      "po",
      "ring",
      "join",
      "put",
      "stand",
      "pound",
      "kiss",
      "peopl",
      "sat",
      "eye",
      "ard",
      "better",
      "box",
      "til",
      "collect",
      "question",
      "pain"
    ],