{
  "K": 10,
  "alpha": 0.1,
  "beta": 0.5,
  "prior_scale": 0.1,
  "method": "mcmc",
  "val_accuracy": 0.8659752692461109,
  "val_auc": 0.9428683841108991
}