{
  "K": 15,
  "alpha": 0.1,
  "beta": 0.5,
  "prior_scale": 1.0,
  "method": "svi",
  "val_accuracy": 0.326286398085361,
  "val_auc": 0.5738365302362308
}