{
  "K": 15,
  "alpha": 0.5,
  "beta": 0.1,
  "prior_scale": 0.1,
  "method": "svi",
  "val_accuracy": 0.6141575274177468,
  "val_auc": 0.49504061968637814
}