{
  "topic_0": {
    "words": [
      "call",
      "claim",
      "cost",
      "stop",
      "custom",
      "servic",
      "prize",
      "urgent",
      "contact",
      "award",
      "stay",
      "collect",
      "remain",
      "saw",
      "ur",
      "receiv",
      "test",
      "cash",
      "post",
      "box"
    ],
    "probabilities": [
      0.02839575707912445,
      0.014292332343757153,
      0.01295726839452982,
      0.01164176780730486,
      0.010542136617004871,
      0.010283018462359905,
      0.010085081681609154,
      0.01004446018487215,
      0.01003647968173027,
      0.00936488900333643,
      0.009106691926717758,
      0.008882898837327957,
      0.008766144514083862,
      0.008201900869607925,
      0.0081782853230834,
      0.00817782897502184,
      0.00810608733445406,
      0.008076444268226624,
      0.008002412505447865,
      0.007965867407619953
    ]
  },
  "topic_1": {
    "words": [
      "call",
      "free",
      "phone",
      "ju",
      "start",
      "surf",
      "hello",
      "weekend",
      "heart",
      "text",
      "tri",
      "finish",
      "what",
      "point",
      "real",
      "account",
      "dad",
      "hungri",
      "nite",
      "xxx"
    ],
    "probabilities": [
      0.011328944936394691,
      0.010737732984125614,
      0.01015495602041483,
      0.009869514964520931,
      0.009783578105270863,
      0.009317400865256786,
      0.009311162866652012,
      0.008984309621155262,
      0.008923295885324478,
      0.008617589250206947,
      0.008493583649396896,
      0.00843809824436903,
      0.008339161053299904,
      0.008328092284500599,
      0.008197430521249771,
      0.00809816736727953,
      0.008015679195523262,
      0.007803492248058319,
      0.0074999057687819,
      0.007400400936603546
    ]
  },
  "topic_2": {
    "words": [
      "free",
      "week",
      "txt",
      "ur",
      "place",
      "msg",
      "repli",
      "rememb",
      "fuck",
      "win",
      "text",
      "number",
      "ya",
      "player",
      "wish",
      "song",
      "bring",
      "take",
      "get",
      "everi"
    ],
    "probabilities": [
      0.025029435753822327,
      0.02166990377008915,
      0.01749156415462494,
      0.01567838527262211,
      0.014794856309890747,
      0.014778071083128452,
      0.01243403647094965,
      0.011856437660753727,
      0.01168891228735447,
      0.011658591218292713,
      0.01131073571741581,
      0.011219993233680725,
      0.010952580720186234,
      0.010891402140259743,
      0.010520366951823235,
      0.010466528125107288,
      0.010329910553991795,
      0.010216081514954567,
      0.010029918514192104,
      0.009816013276576996
    ]
  },
  "topic_3": {
    "words": [
      "alreadi",
      "messag",
      "yet",
      "wait",
      "ltgt",
      "im",
      "first",
      "hour",
      "late",
      "haha",
      "havent",
      "long",
      "room",
      "day",
      "minut",
      "next",
      "your",
      "yup",
      "readi",
      "go"
    ],
    "probabilities": [
      0.016358209773898125,
      0.015501520596444607,
      0.015310865826904774,
      0.013990877196192741,
      0.012978486716747284,
      0.012728570029139519,
      0.012042408809065819,
      0.011874889023602009,
      0.01124995481222868,
      0.011138570494949818,
      0.010988946072757244,
      0.0109826335683465,
      0.01056676171720028,
      0.010417945683002472,
      0.010297860018908978,
      0.009558429941534996,
      0.009378726594150066,
      0.00923546776175499,
      0.009068725630640984,
      0.009021907113492489
    ]
  },
  "topic_4": {
    "words": [
      "sent",
      "done",
      "class",
      "meet",
      "someth",
      "yo",
      "one",
      "buy",
      "problem",
      "wanna",
      "say",
      "offic",
      "go",
      "lei",
      "dunno",
      "come",
      "im",
      "get",
      "prob",
      "guess"
    ],
    "probabilities": [
      0.024397937580943108,
      0.019867315888404846,
      0.0197394210845232,
      0.017772311344742775,
      0.017636636272072792,
      0.015387999825179577,
      0.0152148911729455,
      0.01520790159702301,
      0.015129652805626392,
      0.014294297434389591,
      0.013668520376086235,
      0.013168839737772942,
      0.01293568592518568,
      0.012808429077267647,
      0.012118570506572723,
      0.011988076381385326,
      0.01188178826123476,
      0.011561673134565353,
      0.011399638839066029,
      0.010911170393228531
    ]
  },
  "topic_5": {
    "words": [
      "want",
      "dear",
      "wat",
      "see",
      "happi",
      "cant",
      "time",
      "plan",
      "anyth",
      "year",
      "new",
      "need",
      "wont",
      "friend",
      "tell",
      "didnt",
      "nice",
      "around",
      "ltgt",
      "pl"
    ],
    "probabilities": [
      0.034211814403533936,
      0.030820336192846298,
      0.027731895446777344,
      0.021631093695759773,
      0.021420450881123543,
      0.021152842789888382,
      0.019950637593865395,
      0.018970102071762085,
      0.018710501492023468,
      0.015332099050283432,
      0.014649005606770515,
      0.014290953986346722,
      0.014176455326378345,
      0.014036141335964203,
      0.012956686317920685,
      0.012473490089178085,
      0.011988249607384205,
      0.011693518608808517,
      0.011438192799687386,
      0.010448398068547249
    ]
  },
  "topic_6": {
    "words": [
      "happen",
      "thing",
      "oki",
      "fine",
      "said",
      "sure",
      "noth",
      "drive",
      "look",
      "give",
      "best",
      "ah",
      "actual",
      "shall",
      "wine",
      "finish",
      "exam",
      "anyway",
      "take",
      "girl"
    ],
    "probabilities": [
      0.03938023000955582,
      0.038252972066402435,
      0.03227032721042633,
      0.029951373115181923,
      0.02688528597354889,
      0.025607572868466377,
      0.024456772953271866,
      0.0237240269780159,
      0.022523507475852966,
      0.021827420219779015,
      0.02127905935049057,
      0.016820266842842102,
      0.01644493080675602,
      0.015545745380222797,
      0.014515412040054798,
      0.013470767065882683,
      0.012406982481479645,
      0.011742713861167431,
      0.010927408002316952,
      0.010677493177354336
    ]
  },
  "topic_7": {
    "words": [
      "ok",
      "way",
      "like",
      "think",
      "im",
      "still",
      "talk",
      "good",
      "ill",
      "come",
      "realli",
      "call",
      "go",
      "get",
      "night",
      "dont",
      "oh",
      "got",
      "know",
      "sorri"
    ],
    "probabilities": [
      0.035904426127672195,
      0.03094319999217987,
      0.027761630713939667,
      0.023948488757014275,
      0.022723373025655746,
      0.022355619817972183,
      0.019722267985343933,
      0.019457465037703514,
      0.019361361861228943,
      0.01904391311109066,
      0.018947938457131386,
      0.018889352679252625,
      0.018641455098986626,
      0.017919115722179413,
      0.017821229994297028,
      0.016248859465122223,
      0.01608995348215103,
      0.015505148097872734,
      0.015250248834490776,
      0.01515891868621111
    ]
  },
  "topic_8": {
    "words": [
      "ok",
      "call",
      "im",
      "go",
      "home",
      "come",
      "ill",
      "much",
      "hi",
      "later",
      "good",
      "get",
      "sorri",
      "pick",
      "work",
      "still",
      "know",
      "that",
      "well",
      "today"
    ],