{
  "topic_0": {
    "words": [
      "call",
      "im",
      "get",
      "go",
      "come",
      "ok",
      "good",
      "time",
      "ur",
      "much",
      "dont",
      "ltgt",
      "want",
      "ill",
      "see",
      "love",
      "free",
      "got",
      "day",
      "still"
    ],
    "probabilities": [
      0.017955627292394638,
      0.016326310113072395,
      0.015398138202726841,
      0.013535534031689167,
      0.012180034071207047,
      0.009225073270499706,
      0.00808680895715952,
      0.007764535490423441,
      0.007724490016698837,
      0.007493171840906143,
      0.007269904017448425,
      0.006830390077084303,
      0.006605522241443396,
      0.006425915285944939,
      0.0064169191755354404,
      0.006404471583664417,
      0.006132765207439661,
      0.0060114371590316296,
      0.006006686016917229,
      0.005904789548367262
    ]
  },
  "topic_1": {
    "words": [
      "yo",
      "earli",
      "problem",
      "point",
      "oh",
      "lei",
      "babi",
      "left",
      "account",
      "snow",
      "eat",
      "ah",
      "dunno",
      "someth",
      "mom",
      "there",
      "tonight",
      "els",
      "still",
      "bit"
    ],
    "probabilities": [
      0.030923917889595032,
      0.0259834136813879,
      0.02299431897699833,
      0.022578347474336624,
      0.022362273186445236,
      0.0200470220297575,
      0.019961917772889137,
      0.01893794909119606,
      0.017541619017720222,
      0.016626641154289246,
      0.01658712886273861,
      0.015624894760549068,
      0.015492493286728859,
      0.015389639884233475,
      0.014958015643060207,
      0.014699084684252739,
      0.014371826313436031,
      0.014155060984194279,
      0.013452740386128426,
      0.013361817225813866
    ]
  },
  "topic_2": {
    "words": [
      "amt",
      "wot",
      "dad",
      "guess",
      "sad",
      "walk",
      "oredi",
      "knw",
      "pa",
      "hair",
      "din",
      "select",
      "alon",
      "respond",
      "age",
      "de",
      "give",
      "ice",
      "peopl",
      "nd"
    ],
    "probabilities": [
      0.03024165704846382,
      0.02854117751121521,
      0.028106171637773514,
      0.027376368641853333,
      0.02579651027917862,
      0.024400509893894196,
      0.02291349321603775,
      0.022063832730054855,
      0.02057526633143425,
      0.02008943259716034,
      0.019752057269215584,
      0.019046828150749207,
      0.017270084470510483,
      0.01708340458571911,
      0.01643090508878231,
      0.014594770967960358,
      0.013646513223648071,
      0.013384250923991203,
      0.012884099036455154,
      0.012033694423735142
    ]
  },
  "topic_3": {
    "words": [
      "convey",
      "box",
      "boytoy",
      "suppos",
      "holiday",
      "dnt",
      "birthday",
      "po",
      "ring",
      "space",
      "gotta",
      "updat",
      "tc",
      "book",
      "old",
      "ppm",
      "wish",
      "regard",
      "alright",
      "address"
    ],
    "probabilities": [
      0.028052974492311478,
      0.02720528282225132,
      0.023919498547911644,
      0.023788608610630035,
      0.02366573177278042,
      0.02257191762328148,
      0.02235317975282669,
      0.022159945219755173,
      0.02036374621093273,
      0.01994655467569828,
      0.019628694280982018,
      0.019598685204982758,
      0.018809013068675995,
      0.01789630763232708,
      0.01634305715560913,
      0.016277749091386795,
      0.015777776017785072,
      0.015638599172234535,
      0.015138301998376846,
      0.015088468790054321
    ]
  },
  "topic_4": {
    "words": [
      "how",
      "yup",
      "late",
      "hungri",
      "train",
      "what",
      "wine",
      "awesom",
      "car",
      "ard",
      "drive",
      "shit",
      "forgot",
      "soon",
      "real",
      "haha",
      "watch",
      "minut",
      "want",
      "pretti"
    ],
    "probabilities": [
      0.03940004110336304,
      0.028981203213334084,
      0.024123599752783775,
      0.022221431136131287,
      0.021456677466630936,
      0.020801836624741554,
      0.020030552521348,
      0.01966129243373871,
      0.019296612590551376,
      0.01771649532020092,
      0.01746356301009655,
      0.016709676012396812,
      0.016679003834724426,
      0.016262296587228775,
      0.015979351475834846,
      0.015834202989935875,
      0.0153342355042696,
      0.014791290275752544,
      0.014086725190281868,
      0.013242733664810658
    ]
  },
  "topic_5": {
    "words": [
      "sir",
      "big",
      "bed",
      "two",
      "pub",
      "system",
      "god",
      "gud",
      "doesnt",
      "well",
      "need",
      "anoth",
      "fuck",
      "number",
      "aight",
      "yeah",
      "sent",
      "without",
      "die",
      "head"
    ],
    "probabilities": [
      0.02485988475382328,
      0.02175845392048359,
      0.021399863064289093,
      0.020039645954966545,
      0.019617721438407898,
      0.019479548558592796,
      0.019026724621653557,
      0.01781998760998249,
      0.017624061554670334,
      0.01754419133067131,
      0.016848580911755562,
      0.01654968410730362,
      0.01646839641034603,
      0.015773162245750427,
      0.015362406149506569,
      0.01512215007096529,
      0.014423448592424393,
      0.014022723771631718,
      0.013863897882401943,
      0.013425515033304691
    ]
  },
  "topic_6": {
    "words": [
      "sent",
      "dude",
      "ju",
      "liao",
      "gd",
      "saw",
      "ive",
      "bring",
      "open",
      "he",
      "exam",
      "enough",
      "finish",
      "slept",
      "leh",
      "better",
      "find",
      "actual",
      "got",
      "dun"
    ],
    "probabilities": [
      0.033591121435165405,
      0.030370408669114113,
      0.029400672763586044,
      0.027564899995923042,
      0.02706870622932911,
      0.025342080742120743,
      0.025277461856603622,
      0.024899665266275406,
      0.024210935458540916,
      0.024127716198563576,
      0.02399381995201111,
      0.023858509957790375,
      0.02314048260450363,
      0.020852062851190567,
      0.020822491496801376,
      0.017319686710834503,
      0.017050370573997498,
      0.015733977779746056,
      0.014719204977154732,
      0.01469969842582941
    ]
  },
  "topic_7": {
    "words": [
      "dear",
      "go",
      "ltgt",
      "im",
      "ok",
      "still",
      "lor",
      "done",
      "work",
      "could",
      "come",
      "want",
      "home",
      "start",
      "mean",
      "back",
      "lol",
      "love",
      "make",
      "probabl"
    ],
    "probabilities": [
      0.031571079045534134,
      0.025125397369265556,
      0.019562657922506332,
      0.018768956884741783,
      0.01854751817882061,
      0.01810341700911522,
      0.01622394658625126,
      0.01558553334325552,
      0.014998149126768112,
      0.014974517747759819,
      0.014724548906087875,
      0.014605886302888393,
      0.013749309815466404,
      0.011170967482030392,
      0.011046220548450947,
      0.010779785923659801,
      0.010308154858648777,
      0.010156986303627491,
      0.009874149225652218,
      0.00982267502695322
    ]
  },
  "topic_8": {
    "words": [
      "wanna",
      "hey",
      "free",
      "gym",
      "servic",
      "price",
      "line",
      "found",
      "phone",
      "date",
      "offer",
      "rest",
      "custom",
      "mobil",
      "call",
      "tot",
      "txt",
      "art",
      "prize",
      "award"
    ],