{
  "K": 5,
  "alpha": 1.0,
  "beta": 0.5,
  "prior_scale": 1.0,
  "method": "svi",
  "val_accuracy": 0.46859421734795614,
  "val_auc": 0.5180641670817375
}