{
  "K": 15,
  "alpha": 1.0,
  "beta": 0.5,
  "prior_scale": 1.0,
  "method": "svi",
  "val_accuracy": 0.5214356929212363,
  "val_auc": 0.45328306682925995
}