{
  "topic_0": {
    "words": [
      "ok",
      "im",
      "go",
      "call",
      "get",
      "come",
      "good",
      "ill",
      "got",
      "time",
      "know",
      "dont",
      "want",
      "home",
      "sorri",
      "like",
      "still",
      "think",
      "dear",
      "day"
    ],
    "probabilities": [
      0.0242505744099617,
      0.019773196429014206,
      0.017188401892781258,
      0.015929963439702988,
      0.014603880234062672,
      0.013610508292913437,
      0.010132094845175743,
      0.01001059077680111,
      0.009992178529500961,
      0.00988086313009262,
      0.009793526493012905,
      0.009626757353544235,
      0.0094947824254632,
      0.008759837597608566,
      0.008262090384960175,
      0.008029231801629066,
      0.008023089729249477,
      0.006959747057408094,
      0.006907907780259848,
      0.006618802435696125
    ]
  },
  "topic_1": {
    "words": [
      "call",
      "free",
      "much",
      "txt",
      "ltgt",
      "ur",
      "tri",
      "mobil",
      "text",
      "repli",
      "week",
      "send",
      "stop",
      "pick",
      "contact",
      "get",
      "win",
      "claim",
      "receiv",
      "messag"
    ],
    "probabilities": [
      0.02233842760324478,
      0.0187736414372921,
      0.01830161362886429,
      0.017364684492349625,
      0.013178007677197456,
      0.013052910566329956,
      0.012704053893685341,
      0.012550635263323784,
      0.011594467796385288,
      0.01091274805366993,
      0.009997769258916378,
      0.009967661462724209,
      0.00886630080640316,
      0.008475130423903465,
      0.007984893396496773,
      0.007945995777845383,
      0.007416797801852226,
      0.007065175101161003,
      0.006930623669177294,
      0.006781277246773243
    ]
  },
  "topic_2": {
    "words": [
      "nite",
      "weekend",
      "actual",
      "remain",
      "anytim",
      "amt",
      "wot",
      "pretti",
      "ard",
      "sat",
      "disturb",
      "head",
      "convey",
      "best",
      "saw",
      "exam",
      "true",
      "liao",
      "dun",
      "hr"
    ],
    "probabilities": [
      0.020540088415145874,
      0.017403418198227882,
      0.01601410284638405,
      0.015405998565256596,
      0.014857460744678974,
      0.014250828884541988,
      0.014218218624591827,
      0.01416049525141716,
      0.013745482079684734,
      0.013535781763494015,
      0.013509351760149002,
      0.01336109358817339,
      0.012772670015692711,
      0.012548075057566166,
      0.012529701925814152,
      0.012220376171171665,
      0.012058182619512081,
      0.012001880444586277,
      0.011932214722037315,
      0.011471712030470371
    ]
  },
  "topic_3": {
    "words": [
      "sent",
      "soon",
      "said",
      "haha",
      "nice",
      "co",
      "like",
      "lor",
      "go",
      "us",
      "love",
      "place",
      "come",
      "one",
      "alreadi",
      "shop",
      "ah",
      "ask",
      "anoth",
      "im"
    ],
    "probabilities": [
      0.013699703849852085,
      0.011085249483585358,
      0.010983413085341454,
      0.009763461537659168,
      0.00972950179129839,
      0.009113049134612083,
      0.008884253911674023,
      0.008494858630001545,
      0.008400299586355686,
      0.008266503922641277,
      0.008195856586098671,
      0.008178452961146832,
      0.008131121285259724,
      0.007938255555927753,
      0.007848132401704788,
      0.006999728735536337,
      0.006881396751850843,
      0.00685186218470335,
      0.006689367815852165,
      0.006686778273433447
    ]
  },
  "topic_4": {
    "words": [
      "show",
      "surf",
      "name",
      "hello",
      "account",
      "point",
      "real",
      "prob",
      "awesom",
      "train",
      "tampa",
      "post",
      "colleg",
      "stuff",
      "came",
      "ha",
      "abt",
      "avail",
      "cash",
      "email"
    ],
    "probabilities": [
      0.02035168558359146,
      0.015489410609006882,
      0.015302874147891998,
      0.01375680509954691,
      0.013755669817328453,
      0.013632077723741531,
      0.01318203005939722,
      0.012538724578917027,
      0.01184404082596302,
      0.011290604248642921,
      0.011004363186657429,
      0.010815034620463848,
      0.010625281371176243,
      0.010385668836534023,
      0.01018496509641409,
      0.010183978825807571,
      0.01011958159506321,
      0.009785592555999756,
      0.009461493231356144,
      0.009447060525417328
    ]
  }
}