{
  "topic_0": {
    "words": [
      "ok",
      "im",
      "go",
      "call",
      "get",
      "come",
      "want",
      "got",
      "ltgt",
      "ill",
      "dont",
      "like",
      "time",
      "know",
      "home",
      "ur",
      "sorri",
      "good",
      "see",
      "much"
    ],
    "probabilities": [
      0.020224791020154953,
      0.018365776166319847,
      0.018109584227204323,
      0.017908750101923943,
      0.016547271981835365,
      0.013462264090776443,
      0.009775747545063496,
      0.009670835919678211,
      0.009207472205162048,
      0.009058281779289246,
      0.00902758352458477,
      0.008548966608941555,
      0.008528945967555046,
      0.008252328261733055,
      0.007753576152026653,
      0.007609121035784483,
      0.007607963867485523,
      0.007579535711556673,
      0.0074286614544689655,
      0.007035250309854746
    ]
  },
  "topic_1": {
    "words": [
      "problem",
      "dun",
      "haf",
      "dad",
      "lei",
      "wot",
      "part",
      "dunno",
      "weekend",
      "heart",
      "liao",
      "thk",
      "question",
      "juz",
      "book",
      "open",
      "pain",
      "littl",
      "bit",
      "dude"
    ],
    "probabilities": [
      0.017600104212760925,
      0.016446515917778015,
      0.016214536502957344,
      0.01585926115512848,
      0.01556310523301363,
      0.01488704513758421,
      0.014661160297691822,
      0.014417488127946854,
      0.014346758835017681,
      0.014141123741865158,
      0.01376220304518938,
      0.013698641210794449,
      0.013179147616028786,
      0.01305314153432846,
      0.012625846080482006,
      0.012420378625392914,
      0.012162741273641586,
      0.01116634439677,
      0.010996608063578606,
      0.0109633794054389
    ]
  },
  "topic_2": {
    "words": [
      "call",
      "claim",
      "win",
      "txt",
      "prize",
      "per",
      "mobil",
      "chanc",
      "ur",
      "collect",
      "free",
      "cash",
      "box",
      "award",
      "post",
      "nd",
      "mean",
      "stop",
      "repli",
      "contact"
    ],
    "probabilities": [
      0.019923916086554527,
      0.01807141862809658,
      0.01500912569463253,
      0.013581227511167526,
      0.013021059334278107,
      0.012898341752588749,
      0.012754741124808788,
      0.011911673471331596,
      0.011667889542877674,
      0.01130399014800787,
      0.010981766507029533,
      0.010576028376817703,
      0.010312357917428017,
      0.00996406190097332,
      0.009899756871163845,
      0.009554261341691017,
      0.009513924829661846,
      0.009398184716701508,
      0.009276979602873325,
      0.00908664707094431
    ]
  },
  "topic_3": {
    "words": [
      "check",
      "thanx",
      "ok",
      "long",
      "player",
      "soon",
      "dont",
      "prob",
      "what",
      "call",
      "time",
      "fuck",
      "colleg",
      "amp",
      "number",
      "sound",
      "night",
      "take",
      "still",
      "friend"
    ],
    "probabilities": [
      0.025009850040078163,
      0.019265558570623398,
      0.014630917459726334,
      0.013672796078026295,
      0.013388331048190594,
      0.013036691583693027,
      0.010773621499538422,
      0.01033114269375801,
      0.010285474359989166,
      0.009992633946239948,
      0.009884145110845566,
      0.009837294928729534,
      0.009561755694448948,
      0.009414675645530224,
      0.00927098747342825,
      0.009229810908436775,
      0.009220819920301437,
      0.009133867919445038,
      0.008518671616911888,
      0.008303056471049786
    ]
  },
  "topic_4": {
    "words": [
      "offic",
      "person",
      "girl",
      "bu",
      "away",
      "mani",
      "head",
      "end",
      "money",
      "orang",
      "rington",
      "sinc",
      "system",
      "seem",
      "bad",
      "na",
      "avail",
      "peopl",
      "dat",
      "who"
    ],
    "probabilities": [
      0.023359499871730804,
      0.021339185535907745,
      0.020809588953852654,
      0.01893012225627899,
      0.018538573756814003,
      0.01828612945973873,
      0.018246576189994812,
      0.017932338640093803,
      0.01752997748553753,
      0.015613400377333164,
      0.015094607137143612,
      0.014361492358148098,
      0.014209555462002754,
      0.01420622505247593,
      0.014203187078237534,
      0.014038207940757275,
      0.013980704359710217,
      0.013723641633987427,
      0.012735255062580109,
      0.01233146246522665
    ]
  },
  "topic_5": {
    "words": [
      "name",
      "bring",
      "rememb",
      "real",
      "awesom",
      "pm",
      "man",
      "without",
      "pretti",
      "th",
      "mind",
      "place",
      "sat",
      "haha",
      "alon",
      "film",
      "food",
      "aint",
      "differ",
      "confirm"
    ],
    "probabilities": [
      0.03182494267821312,
      0.028536463156342506,
      0.02795596979558468,
      0.025021187961101532,
      0.02133840322494507,
      0.021043745800852776,
      0.020411690697073936,
      0.02003621496260166,
      0.018689632415771484,
      0.018054839223623276,
      0.0170353502035141,
      0.016401156783103943,
      0.015321399085223675,
      0.014930502511560917,
      0.014213052578270435,
      0.014125702902674675,
      0.012906557880342007,
      0.012886647135019302,
      0.012853618711233139,
      0.012853406369686127
    ]
  },
  "topic_6": {
    "words": [
      "exam",
      "ha",
      "bold",
      "brother",
      "hr",
      "remain",
      "yesterday",
      "suppos",
      "tht",
      "charg",
      "wine",
      "worri",
      "normal",
      "isnt",
      "gd",
      "test",
      "famili",
      "hello",
      "updat",
      "true"
    ],
    "probabilities": [
      0.05173080787062645,
      0.051498495042324066,
      0.04911540448665619,
      0.04839429259300232,
      0.04381873831152916,
      0.041450727730989456,
      0.03844306617975235,
      0.03682886064052582,
      0.0343046635389328,
      0.034199755638837814,
      0.03348072990775108,
      0.031792812049388885,
      0.025567980483174324,
      0.025152631103992462,
      0.024523677304387093,
      0.023472031578421593,
      0.018378697335720062,
      0.017090648412704468,
      0.01630682498216629,
      0.015923816710710526
    ]
  },
  "topic_7": {
    "words": [
      "took",
      "normal",
      "bold",
      "brother",
      "suppos",
      "exam",
      "worri",
      "yesterday",
      "hr",
      "carlo",
      "omw",
      "ha",
      "charg",
      "true",
      "remain",
      "isnt",
      "famili",
      "tht",
      "wine",
      "holiday"
    ],
    "probabilities": [
      0.10583867877721786,
      0.07572320848703384,
      0.06270548701286316,
      0.056492336094379425,
      0.051299650222063065,
      0.04846878722310066,
      0.044036198407411575,
      0.04328862950205803,
      0.03315061703324318,
      0.03307707980275154,
      0.025478793308138847,
      0.025313645601272583,
      0.021325387060642242,
      0.020446840673685074,
      0.019991714507341385,
      0.017650529742240906,
      0.016376618295907974,
      0.016047634184360504,
      0.01598416641354561,
      0.015774020925164223
    ]
  },
  "topic_8": {
    "words": [
      "took",
      "normal",
      "bold",
      "brother",
      "suppos",
      "exam",
      "worri",
      "yesterday",
      "hr",
      "carlo",
      "ha",
      "omw",
      "charg",
      "true",
      "remain",
      "isnt",
      "famili",
      "tht",
      "wine",
      "holiday"
    ],