{
  "topic_0": {
    "words": [
      "call",
      "im",
      "go",
      "get",
      "come",
      "ok",
      "ill",
      "good",
      "know",
      "want",
      "dont",
      "like",
      "got",
      "ltgt",
      "home",
      "ur",
      "time",
      "sorri",
      "day",
      "dear"
    ],
    "probabilities": [
      0.018847735598683357,
      0.017152927815914154,
      0.015430230647325516,
      0.0141972741112113,
      0.01282250415533781,
      0.010767779313027859,
      0.009890912100672722,
      0.00925465114414692,
      0.008762399666011333,
      0.008526735007762909,
      0.00840427353978157,
      0.008330993354320526,
      0.008254971355199814,
      0.007473183795809746,
      0.00729117589071393,
      0.0072603365406394005,
      0.007116915658116341,
      0.006961934734135866,
      0.0064946566708385944,
      0.006143355276435614
    ]
  },
  "topic_1": {
    "words": [
      "ok",
      "got",
      "ltgt",
      "im",
      "come",
      "time",
      "like",
      "car",
      "see",
      "rock",
      "dude",
      "offic",
      "love",
      "miss",
      "girl",
      "prob",
      "send",
      "da",
      "get",
      "ur"
    ],
    "probabilities": [
      0.05708419904112816,
      0.015076090581715107,
      0.013382998295128345,
      0.012668605893850327,
      0.012384796515107155,
      0.012074382044374943,
      0.011609041132032871,
      0.011592131108045578,
      0.01095729973167181,
      0.01009366288781166,
      0.01000463217496872,
      0.009870626032352448,
      0.009457937441766262,
      0.008540542796254158,
      0.008488509804010391,
      0.008284173905849457,
      0.00785483792424202,
      0.00782283116132021,
      0.007792767137289047,
      0.007766335736960173
    ]
  },
  "topic_2": {
    "words": [
      "oki",
      "ah",
      "lor",
      "hous",
      "nite",
      "liao",
      "dat",
      "lar",
      "mayb",
      "wine",
      "nope",
      "complet",
      "havent",
      "came",
      "tmr",
      "book",
      "hey",
      "ard",
      "juz",
      "oh"
    ],
    "probabilities": [
      0.023748738691210747,
      0.020733123645186424,
      0.01903698407113552,
      0.017009662464261055,
      0.015412822365760803,
      0.015193001367151737,
      0.014908290468156338,
      0.014796377159655094,
      0.014304873533546925,
      0.013913210481405258,
      0.01382413785904646,
      0.013795608654618263,
      0.013509751297533512,
      0.013451282866299152,
      0.012994308955967426,
      0.012964548543095589,
      0.01273263432085514,
      0.012548426166176796,
      0.01238263864070177,
      0.012209462001919746
    ]
  },
  "topic_3": {
    "words": [
      "call",
      "txt",
      "win",
      "claim",
      "award",
      "cost",
      "collect",
      "ur",
      "receiv",
      "mobil",
      "prize",
      "movi",
      "number",
      "free",
      "cash",
      "special",
      "tc",
      "ppm",
      "text",
      "full"
    ],
    "probabilities": [
      0.017400965094566345,
      0.015962669625878334,
      0.015503560192883015,
      0.014108425937592983,
      0.01359157171100378,
      0.012787584215402603,
      0.012522585690021515,
      0.012401504442095757,
      0.011588563211262226,
      0.011540139093995094,
      0.011318174190819263,
      0.011186638846993446,
      0.010539274662733078,
      0.010301165282726288,
      0.010299505665898323,
      0.009960000403225422,
      0.009951981715857983,
      0.009942358359694481,
      0.009783273562788963,
      0.009650788269937038
    ]
  },
  "topic_4": {
    "words": [
      "place",
      "head",
      "hello",
      "test",
      "account",
      "minut",
      "away",
      "bed",
      "remain",
      "put",
      "awesom",
      "rington",
      "shop",
      "set",
      "address",
      "custom",
      "move",
      "yo",
      "man",
      "text"
    ],
    "probabilities": [
      0.01880614086985588,
      0.014722712337970734,
      0.014488600194454193,
      0.013928055763244629,
      0.012387935072183609,
      0.012337387539446354,
      0.011910537257790565,
      0.01133750844746828,
      0.011274538934230804,
      0.01123811211436987,
      0.011084489524364471,
      0.01092723198235035,
      0.010841477662324905,
      0.010758213698863983,
      0.01043033692985773,
      0.010070458985865116,
      0.00998678058385849,
      0.009678056463599205,
      0.00964463222771883,
      0.009546401910483837
    ]
  },
  "topic_5": {
    "words": [
      "dad",
      "sound",
      "break",
      "po",
      "gd",
      "there",
      "box",
      "pm",
      "read",
      "sat",
      "lunch",
      "holiday",
      "gud",
      "await",
      "surpris",
      "write",
      "big",
      "luck",
      "inform",
      "compani"
    ],
    "probabilities": [
      0.04786989092826843,
      0.04348992183804512,
      0.04117180034518242,
      0.040979400277137756,
      0.033197857439517975,
      0.0321844182908535,
      0.0320756770670414,
      0.031589098274707794,
      0.02741059474647045,
      0.02404826134443283,
      0.024014577269554138,
      0.023884182795882225,
      0.01871717907488346,
      0.01272459328174591,
      0.010475467890501022,
      0.010243520140647888,
      0.009831171482801437,
      0.009693359024822712,
      0.009153582155704498,
      0.009059678763151169
    ]
  },
  "topic_6": {
    "words": [
      "anytim",
      "ltdecimalgt",
      "possibl",
      "ring",
      "disturb",
      "hold",
      "trip",
      "exam",
      "import",
      "food",
      "enough",
      "pub",
      "stay",
      "onlin",
      "town",
      "download",
      "run",
      "best",
      "hungri",
      "crazi"
    ],
    "probabilities": [
      0.16405373811721802,
      0.0756835788488388,
      0.07104194164276123,
      0.06004183739423752,
      0.05657171458005905,
      0.037965476512908936,
      0.03191712871193886,
      0.030565431341528893,
      0.029405495151877403,
      0.027416670694947243,
      0.02726215496659279,
      0.02711404301226139,
      0.022125346586108208,
      0.01943197473883629,
      0.018025118857622147,
      0.015221638604998589,
      0.013929031789302826,
      0.012609188444912434,
      0.012523697689175606,
      0.012322604656219482
    ]
  },
  "topic_7": {
    "words": [
      "download",
      "hungri",
      "post",
      "th",
      "walk",
      "town",
      "took",
      "simpl",
      "run",
      "trip",
      "big",
      "enough",
      "pub",
      "boytoy",
      "may",
      "though",
      "food",
      "stay",
      "man",
      "wasnt"
    ],
    "probabilities": [
      0.07126317173242569,
      0.0708482563495636,
      0.06562703102827072,
      0.05441736802458763,
      0.0534849651157856,
      0.05086217448115349,
      0.050624363124370575,
      0.04670128598809242,
      0.04100778326392174,
      0.03441264107823372,
      0.030483394861221313,
      0.019827190786600113,
      0.01972646825015545,
      0.018368897959589958,
      0.017759809270501137,
      0.01600669138133526,
      0.015078358352184296,
      0.00971196684986353,
      0.0093345046043396,
      0.007448019925504923
    ]
  },
  "topic_8": {
    "words": [
      "alon",
      "hold",
      "import",
      "disturb",
      "ring",
      "food",
      "stay",
      "possibl",
      "exam",
      "enough",
      "pub",
      "town",
      "run",
      "luv",
      "trip",
      "onlin",
      "ltdecimalgt",
      "crazi",
      "bore",
      "hungri"
    ],