{
  "K": 15,
  "alpha": 0.5,
  "beta": 0.01,
  "prior_scale": 0.1,
  "method": "svi",
  "val_accuracy": 0.5145592341443956,
  "val_auc": 0.5298845989340002
}