{
  "K": 10,
  "alpha": 0.5,
  "beta": 0.1,
  "prior_scale": 1.0,
  "method": "svi",
  "val_accuracy": 0.29996011168727565,
  "val_auc": 0.4400265403259415
}