{
  "K": 10,
  "alpha": 0.5,
  "beta": 0.01,
  "prior_scale": 0.1,
  "method": "svi",
  "val_accuracy": 0.5053849222177902,
  "val_auc": 0.4903606249040381
}