{
  "topic_0": {
    "words": [
      "call",
      "ok",
      "im",
      "go",
      "get",
      "come",
      "ill",
      "got",
      "like",
      "dont",
      "time",
      "good",
      "want",
      "know",
      "ltgt",
      "home",
      "ur",
      "sorri",
      "today",
      "later"
    ],
    "probabilities": [
      0.02400687150657177,
      0.021348051726818085,
      0.020658496767282486,
      0.017618106678128242,
      0.015498834662139416,
      0.015119661577045918,
      0.011148964054882526,
      0.01096062920987606,
      0.009563254192471504,
      0.009558426216244698,
      0.009536242112517357,
      0.009444762021303177,
      0.009362190030515194,
      0.00931165274232626,
      0.009276341646909714,
      0.008950733579695225,
      0.008620310574769974,
      0.007926957681775093,
      0.00711983535438776,
      0.0070397560484707355
    ]
  },
  "topic_1": {
    "words": [
      "would",
      "keep",
      "gud",
      "back",
      "need",
      "long",
      "love",
      "hello",
      "hope",
      "thing",
      "pay",
      "big",
      "feel",
      "bring",
      "wonder",
      "life",
      "ltgt",
      "town",
      "true",
      "wot"
    ],
    "probabilities": [
      0.008523417636752129,
      0.00794302485883236,
      0.00766693614423275,
      0.007659412920475006,
      0.007431135047227144,
      0.0071889255195856094,
      0.006926611997187138,
      0.006481980439275503,
      0.006404676474630833,
      0.006398528814315796,
      0.00625137984752655,
      0.005929127335548401,
      0.0058859833516180515,
      0.005812343675643206,
      0.005784947890788317,
      0.0057586622424423695,
      0.005715316627174616,
      0.005607116501778364,
      0.005561919417232275,
      0.005557666998356581
    ]
  },
  "topic_2": {
    "words": [
      "show",
      "txt",
      "win",
      "everi",
      "week",
      "play",
      "best",
      "per",
      "point",
      "tone",
      "end",
      "first",
      "chanc",
      "worri",
      "food",
      "full",
      "hair",
      "download",
      "st",
      "came"
    ],
    "probabilities": [
      0.020316747948527336,
      0.017175929620862007,
      0.0170547217130661,
      0.014409158378839493,
      0.014283361844718456,
      0.013911747373640537,
      0.013821111060678959,
      0.013503741472959518,
      0.012717076577246189,
      0.01244682539254427,
      0.012439335696399212,
      0.011844061315059662,
      0.011800949461758137,
      0.01168997585773468,
      0.011439983732998371,
      0.010940130800008774,
      0.010114396922290325,
      0.009921333752572536,
      0.009462117217481136,
      0.009349722415208817
    ]
  },
  "topic_3": {
    "words": [
      "gonna",
      "around",
      "haha",
      "never",
      "minut",
      "yo",
      "cost",
      "sound",
      "chang",
      "okay",
      "actual",
      "xxx",
      "there",
      "enjoy",
      "hold",
      "hungri",
      "awesom",
      "made",
      "ring",
      "shop"
    ],
    "probabilities": [
      0.03489647060632706,
      0.03221108019351959,
      0.029125215485692024,
      0.02877311408519745,
      0.027464231476187706,
      0.026632748544216156,
      0.025896217674016953,
      0.022478075698018074,
      0.0224644523113966,
      0.022114627063274384,
      0.021850669756531715,
      0.019583120942115784,
      0.019034959375858307,
      0.018063750118017197,
      0.01705704815685749,
      0.017040139064192772,
      0.016842888668179512,
      0.016705438494682312,
      0.016289321705698967,
      0.014501324854791164
    ]
  },
  "topic_4": {
    "words": [
      "alreadi",
      "finish",
      "havent",
      "yet",
      "wan",
      "watch",
      "lor",
      "lunch",
      "co",
      "ah",
      "ju",
      "abt",
      "mean",
      "might",
      "dunno",
      "yup",
      "liao",
      "bit",
      "dun",
      "book"
    ],
    "probabilities": [
      0.01878969371318817,
      0.015361001715064049,
      0.01455126702785492,
      0.013425915502011776,
      0.01304643601179123,
      0.012976779602468014,
      0.012725465930998325,
      0.012131492607295513,
      0.012033233419060707,
      0.011891157366335392,
      0.011559270322322845,
      0.011201671324670315,
      0.010919643566012383,
      0.010797751136124134,
      0.010510715655982494,
      0.010449069552123547,
      0.010231320746243,
      0.009974474087357521,
      0.009919431060552597,
      0.00969045888632536
    ]
  }
}