{
  "K": 5,
  "alpha": 0.1,
  "beta": 0.5,
  "prior_scale": 1.0,
  "method": "svi",
  "val_accuracy": 0.5033905065815716,
  "val_auc": 0.5265643164221009
}