{
  "topic_0": {
    "words": [
      "call",
      "name",
      "free",
      "collect",
      "mobil",
      "may",
      "gd",
      "half",
      "offer",
      "yesterday",
      "go",
      "avail",
      "line",
      "kiss",
      "suppos",
      "nd",
      "ard",
      "den",
      "true",
      "took"
    ],
    "probabilities": [
      0.01886994205415249,
      0.015483702532947063,
      0.013870524242520332,
      0.011966018937528133,
      0.011662693694233894,
      0.011239731684327126,
      0.010848871432244778,
      0.010763965547084808,
      0.009426137432456017,
      0.009377945214509964,
      0.009236529469490051,
      0.009117942303419113,
      0.009117241017520428,
      0.008933654054999352,
      0.008678815327584743,
      0.008327798917889595,
      0.008214803412556648,
      0.008094211108982563,
      0.008083846420049667,
      0.007712218444794416
    ]
  },
  "topic_1": {
    "words": [
      "watch",
      "show",
      "get",
      "job",
      "love",
      "surf",
      "hello",
      "im",
      "heart",
      "prob",
      "man",
      "account",
      "real",
      "hungri",
      "part",
      "shall",
      "person",
      "got",
      "also",
      "complet"
    ],
    "probabilities": [
      0.019939089193940163,
      0.01159459725022316,
      0.01146674808114767,
      0.011169109493494034,
      0.01053390558809042,
      0.009918727912008762,
      0.009626244194805622,
      0.00961740966886282,
      0.009517852216959,
      0.009056730195879936,
      0.009001972153782845,
      0.008991038426756859,
      0.008678283542394638,
      0.008355215191841125,
      0.008348450995981693,
      0.008199897594749928,
      0.008171436376869678,
      0.007943575270473957,
      0.007927165366709232,
      0.007912112399935722
    ]
  },
  "topic_2": {
    "words": [
      "got",
      "long",
      "lot",
      "fuck",
      "ya",
      "wish",
      "could",
      "drive",
      "rememb",
      "minut",
      "money",
      "alreadi",
      "day",
      "wat",
      "problem",
      "life",
      "ju",
      "want",
      "earli",
      "dun"
    ],
    "probabilities": [
      0.011456010863184929,
      0.011453339830040932,
      0.010912260040640831,
      0.010743770748376846,
      0.010610687546432018,
      0.01060076616704464,
      0.010337932035326958,
      0.00990033894777298,
      0.009872508235275745,
      0.0097082844004035,
      0.00969949271529913,
      0.009623909369111061,
      0.009341979399323463,
      0.009108119644224644,
      0.008932268247008324,
      0.008885459043085575,
      0.008862072601914406,
      0.008626021444797516,
      0.008225678466260433,
      0.008108491078019142
    ]
  },
  "topic_3": {
    "words": [
      "call",
      "pleas",
      "free",
      "ur",
      "text",
      "number",
      "messag",
      "stop",
      "txt",
      "week",
      "send",
      "phone",
      "wait",
      "chat",
      "servic",
      "live",
      "get",
      "play",
      "repli",
      "cost"
    ],
    "probabilities": [
      0.06245044246315956,
      0.024045158177614212,
      0.023013584315776825,
      0.02206207811832428,
      0.02150045521557331,
      0.020928295329213142,
      0.020500291138887405,
      0.019067125394940376,
      0.01819632016122341,
      0.0172576867043972,
      0.017135705798864365,
      0.014340797439217567,
      0.011916502378880978,
      0.011800277978181839,
      0.010304383002221584,
      0.009852000512182713,
      0.009823680855333805,
      0.00970654096454382,
      0.009668049402534962,
      0.009472999721765518
    ]
  },
  "topic_4": {
    "words": [
      "tri",
      "that",
      "pa",
      "way",
      "noth",
      "keep",
      "help",
      "night",
      "get",
      "cant",
      "dont",
      "lunch",
      "might",
      "guess",
      "good",
      "mind",
      "doesnt",
      "thing",
      "hope",
      "post"
    ],
    "probabilities": [
      0.029123639687895775,
      0.026921788230538368,
      0.026766911149024963,
      0.026177125051617622,
      0.020621130242943764,
      0.01743757165968418,
      0.016769206151366234,
      0.01676267944276333,
      0.016356930136680603,
      0.015084805898368359,
      0.01480670552700758,
      0.01373734138906002,
      0.013256506063044071,
      0.013218249194324017,
      0.01254887506365776,
      0.012360353954136372,
      0.012335527688264847,
      0.01212277077138424,
      0.011724825017154217,
      0.011600472964346409
    ]
  },
  "topic_5": {
    "words": [
      "dear",
      "make",
      "buy",
      "happi",
      "anyth",
      "great",
      "talk",
      "need",
      "said",
      "next",
      "one",
      "da",
      "wont",
      "leav",
      "didnt",
      "nice",
      "start",
      "went",
      "new",
      "room"
    ],
    "probabilities": [
      0.035460300743579865,
      0.027194302529096603,
      0.023374313488602638,
      0.02265261672437191,
      0.02262643352150917,
      0.022556189447641373,
      0.022146156057715416,
      0.021219974383711815,
      0.021200034767389297,
      0.020790301263332367,
      0.020209863781929016,
      0.01714319735765457,
      0.01708587259054184,
      0.016742875799536705,
      0.01592673547565937,
      0.015830930322408676,
      0.015231511555612087,
      0.014685895293951035,
      0.014136912301182747,
      0.013697218149900436
    ]
  },
  "topic_6": {
    "words": [
      "dont",
      "like",
      "know",
      "well",
      "im",
      "back",
      "yeah",
      "get",
      "done",
      "class",
      "soon",
      "come",
      "dinner",
      "yo",
      "go",
      "right",
      "probabl",
      "your",
      "told",
      "wanna"
    ],
    "probabilities": [
      0.04440925642848015,
      0.0437152199447155,
      0.04154317080974579,
      0.03338925167918205,
      0.027717862278223038,
      0.02737937681376934,
      0.022655703127384186,
      0.021132007241249084,
      0.01983405277132988,
      0.01964184083044529,
      0.018602432683110237,
      0.018178123980760574,
      0.01714862883090973,
      0.01575755886733532,
      0.014194444753229618,
      0.01399643998593092,
      0.013863633386790752,
      0.013629592023789883,
      0.012809671461582184,
      0.012657107785344124
    ]
  },
  "topic_7": {
    "words": [
      "hi",
      "use",
      "right",
      "nite",
      "babi",
      "love",
      "word",
      "oki",
      "xxx",
      "thanx",
      "ok",
      "oh",
      "hey",
      "finish",
      "time",
      "take",
      "ice",
      "night",
      "dunno",
      "home"
    ],
    "probabilities": [
      0.054871123284101486,
      0.034862302243709564,
      0.03181079402565956,
      0.03129749745130539,
      0.0274503156542778,
      0.026855945587158203,
      0.02538534253835678,
      0.02324746735394001,
      0.02275868132710457,
      0.01949446275830269,
      0.019210869446396828,
      0.016017310321331024,
      0.013652857393026352,
      0.013546512462198734,
      0.01201374176889658,
      0.011410316452383995,
      0.011375575326383114,
      0.011169538833200932,
      0.010953928343951702,
      0.0108773373067379
    ]
  },
  "topic_8": {
    "words": [
      "oki",
      "ok",
      "fine",
      "care",
      "pick",
      "reach",
      "thanx",
      "oh",
      "take",
      "come",
      "good",
      "home",
      "go",
      "time",
      "ill",
      "nvm",
      "hi",
      "ltgt",
      "im",
      "hour"
    ],