{
  "topic_0": {
    "words": [
      "call",
      "mobil",
      "claim",
      "free",
      "txt",
      "contact",
      "prize",
      "servic",
      "cash",
      "custom",
      "urgent",
      "collect",
      "special",
      "pleas",
      "award",
      "ur",
      "text",
      "someon",
      "receiv",
      "phone"
    ],
    "probabilities": [
      0.033161964267492294,
      0.014060982502996922,
      0.012534111738204956,
      0.011407477781176567,
      0.010626770555973053,
      0.010244179517030716,
      0.010062526911497116,
      0.010000648908317089,
      0.009862054139375687,
      0.009716232307255268,
      0.008751309476792812,
      0.008441749960184097,
      0.007975064218044281,
      0.00790271908044815,
      0.007871001027524471,
      0.007834660820662975,
      0.007760516833513975,
      0.00752494391053915,
      0.007049836218357086,
      0.006936170626431704
    ]
  },
  "topic_1": {
    "words": [
      "got",
      "like",
      "song",
      "tv",
      "stuff",
      "train",
      "hello",
      "rock",
      "dad",
      "left",
      "wot",
      "give",
      "dude",
      "offic",
      "de",
      "mayb",
      "want",
      "hey",
      "man",
      "ever"
    ],
    "probabilities": [
      0.009321602061390877,
      0.008566966280341148,
      0.008126913569867611,
      0.008090667426586151,
      0.008056549355387688,
      0.007925997488200665,
      0.007777983322739601,
      0.007620116230100393,
      0.007595184724777937,
      0.00759096909314394,
      0.00755136227235198,
      0.007483456749469042,
      0.007359693758189678,
      0.007309314329177141,
      0.007266244385391474,
      0.007138407789170742,
      0.007095100358128548,
      0.006999664939939976,
      0.006965270731598139,
      0.006944609805941582
    ]
  },
  "topic_2": {
    "words": [
      "oh",
      "sent",
      "number",
      "ltgt",
      "sir",
      "your",
      "late",
      "noth",
      "tomorrow",
      "soon",
      "readi",
      "car",
      "drive",
      "buy",
      "us",
      "bu",
      "show",
      "one",
      "never",
      "thought"
    ],
    "probabilities": [
      0.02376616559922695,
      0.02276577800512314,
      0.018434561789035797,
      0.016657549887895584,
      0.016089651733636856,
      0.015598728321492672,
      0.01547472458332777,
      0.014669003896415234,
      0.014473510906100273,
      0.014057835564017296,
      0.012839348055422306,
      0.012673988938331604,
      0.012617154978215694,
      0.012428277172148228,
      0.011897672899067402,
      0.011467200703918934,
      0.01102930586785078,
      0.011007989756762981,
      0.010743395425379276,
      0.010605162009596825
    ]
  },
  "topic_3": {
    "words": [
      "lor",
      "go",
      "wat",
      "meet",
      "thanx",
      "alreadi",
      "finish",
      "watch",
      "ask",
      "reach",
      "haha",
      "havent",
      "oki",
      "wan",
      "got",
      "long",
      "dinner",
      "went",
      "ah",
      "co"
    ],
    "probabilities": [
      0.040237847715616226,
      0.03999984636902809,
      0.03286295756697655,
      0.022938568145036697,
      0.017107222229242325,
      0.016696589067578316,
      0.01638087071478367,
      0.014969986863434315,
      0.014463424682617188,
      0.014353042468428612,
      0.013711797073483467,
      0.012278323993086815,
      0.01212900597602129,
      0.012020588852465153,
      0.011852934025228024,
      0.010101374238729477,
      0.010098942555487156,
      0.010090166702866554,
      0.00995053444057703,
      0.009922494180500507
    ]
  },
  "topic_4": {
    "words": [
      "much",
      "free",
      "messag",
      "new",
      "send",
      "wait",
      "one",
      "ur",
      "text",
      "year",
      "pleas",
      "call",
      "cant",
      "repli",
      "make",
      "help",
      "great",
      "txt",
      "im",
      "get"
    ],
    "probabilities": [
      0.031198015436530113,
      0.024845309555530548,
      0.024594102054834366,
      0.024446744471788406,
      0.02324315719306469,
      0.02056741900742054,
      0.02044585533440113,
      0.017872512340545654,
      0.017376631498336792,
      0.017362939193844795,
      0.017079465091228485,
      0.014192033559083939,
      0.01374237984418869,
      0.013579783029854298,
      0.013419541530311108,
      0.012680727057158947,
      0.012539137154817581,
      0.01240135170519352,
      0.012280921451747417,
      0.012173427268862724
    ]
  },
  "topic_5": {
    "words": [
      "ok",
      "call",
      "im",
      "ill",
      "get",
      "come",
      "home",
      "sorri",
      "later",
      "ltgt",
      "like",
      "way",
      "dont",
      "work",
      "think",
      "anyth",
      "go",
      "right",
      "see",
      "want"
    ],
    "probabilities": [
      0.061588212847709656,
      0.04039681330323219,
      0.038397762924432755,
      0.03366876766085625,
      0.03258974105119705,
      0.030725929886102676,
      0.02410787343978882,
      0.022922275587916374,
      0.02210365980863571,
      0.021311065182089806,
      0.017718927934765816,
      0.015939027070999146,
      0.01565483585000038,
      0.015440542250871658,
      0.0151632996276021,
      0.01508613396435976,
      0.014254175126552582,
      0.013282646425068378,
      0.013170195743441582,
      0.012971916235983372
    ]
  },
  "topic_6": {
    "words": [
      "love",
      "good",
      "thank",
      "miss",
      "day",
      "realli",
      "babe",
      "well",
      "fine",
      "princess",
      "feel",
      "sleep",
      "how",
      "morn",
      "next",
      "hope",
      "lot",
      "fuck",
      "use",
      "rememb"
    ],
    "probabilities": [
      0.04412202909588814,
      0.04004831612110138,
      0.02967139519751072,
      0.026438778266310692,
      0.026297135278582573,
      0.02074863575398922,
      0.020720459520816803,
      0.019548682495951653,
      0.01887655258178711,
      0.017930621281266212,
      0.01770564541220665,
      0.017309609800577164,
      0.016927072778344154,
      0.016733983531594276,
      0.015933845192193985,
      0.015109596773982048,
      0.014469994232058525,
      0.014131724834442139,
      0.013706368394196033,
      0.013536730781197548
    ]
  },
  "topic_7": {
    "words": [
      "leav",
      "someth",
      "cool",
      "care",
      "night",
      "tonight",
      "thing",
      "last",
      "bit",
      "gud",
      "sweet",
      "well",
      "littl",
      "time",
      "smoke",
      "money",
      "lol",
      "carlo",
      "im",
      "take"
    ],
    "probabilities": [
      0.05047735199332237,
      0.03566602244973183,
      0.03333933651447296,
      0.03121921792626381,
      0.028150714933872223,
      0.026236042380332947,
      0.025748837739229202,
      0.02436106838285923,
      0.02193153277039528,
      0.015780387446284294,
      0.015497156418859959,
      0.015155879780650139,
      0.014680334366858006,
      0.014592589810490608,
      0.011254260316491127,
      0.010758468881249428,
      0.010451758280396461,
      0.010255808010697365,
      0.010162302292883396,
      0.009910556487739086
    ]
  },
  "topic_8": {
    "words": [
      "check",
      "pl",
      "mani",
      "birthday",
      "part",
      "job",
      "convey",
      "today",
      "regard",
      "month",
      "wish",
      "forget",
      "aha",
      "happi",
      "otherwis",
      "dnt",
      "wid",
      "dear",
      "hi",
      "guy"
    ],