{
  "K": 5,
  "alpha": 1.0,
  "beta": 0.01,
  "prior_scale": 1.0,
  "method": "svi",
  "val_accuracy": 0.19385719984044675,
  "val_auc": 0.37952391919457784
}