{
  "K": 5,
  "alpha": 0.5,
  "beta": 0.5,
  "prior_scale": 1.0,
  "method": "svi",
  "val_accuracy": 0.7850019944156362,
  "val_auc": 0.5435296988440701
}