{
  "K": 5,
  "alpha": 0.5,
  "beta": 0.1,
  "prior_scale": 1.0,
  "method": "svi",
  "val_accuracy": 0.8444666001994018,
  "val_auc": 0.6063067859780499
}