{
  "K": 15,
  "alpha": 0.1,
  "beta": 0.5,
  "prior_scale": 0.1,
  "method": "svi",
  "val_accuracy": 0.5314057826520439,
  "val_auc": 0.5138433265204472
}