{
  "K": 20,
  "alpha": 1.0,
  "beta": 0.1,
  "prior_scale": 1.0,
  "method": "svi",
  "val_accuracy": 0.31352213801356205,
  "val_auc": 0.4497152672676625
}