{
  "K": 10,
  "alpha": 0.1,
  "beta": 0.1,
  "prior_scale": 1.0,
  "method": "svi",
  "val_accuracy": 0.6430707876370887,
  "val_auc": 0.5152559984885698
}