{
  "K": 5,
  "alpha": 0.5,
  "beta": 0.5,
  "prior_scale": 1.0,
  "method": "svi",
  "val_accuracy": 0.7387836490528414,
  "val_auc": 0.5936614396372568
}