{
  "K": 5,
  "alpha": 1.0,
  "beta": 0.01,
  "prior_scale": 1.0,
  "method": "svi",
  "val_accuracy": 0.15952143569292124,
  "val_auc": 0.45581642993318794
}