{
  "K": 10,
  "alpha": 0.1,
  "beta": 0.01,
  "prior_scale": 1.0,
  "method": "svi",
  "val_accuracy": 0.5855604307937774,
  "val_auc": 0.5509468699962711
}