{
  "topic_0": {
    "words": [
      "ok",
      "im",
      "go",
      "call",
      "get",
      "come",
      "time",
      "got",
      "ill",
      "good",
      "know",
      "want",
      "sorri",
      "still",
      "home",
      "ltgt",
      "dont",
      "like",
      "take",
      "much"
    ],
    "probabilities": [
      0.02693110704421997,
      0.020315807312726974,
      0.01778234727680683,
      0.015451573766767979,
      0.014944392256438732,
      0.014387685805559158,
      0.010495368391275406,
      0.010178709402680397,
      0.010137410834431648,
      0.00877718161791563,
      0.008753495290875435,
      0.008638557977974415,
      0.008588392287492752,
      0.008585325442254543,
      0.008572726510465145,
      0.008485808968544006,
      0.007698376197367907,
      0.00768593093380332,
      0.006915642414242029,
      0.006885863374918699
    ]
  },
  "topic_1": {
    "words": [
      "sent",
      "pay",
      "much",
      "song",
      "thing",
      "rememb",
      "real",
      "remain",
      "wot",
      "wont",
      "think",
      "wat",
      "dude",
      "mind",
      "test",
      "one",
      "sir",
      "good",
      "hous",
      "stand"
    ],
    "probabilities": [
      0.022877054288983345,
      0.014130926690995693,
      0.013396677561104298,
      0.01338398177176714,
      0.012805143371224403,
      0.012740084901452065,
      0.011871878057718277,
      0.011537847109138966,
      0.011396861635148525,
      0.011382393538951874,
      0.011335366405546665,
      0.010856754146516323,
      0.010820870287716389,
      0.01053686160594225,
      0.009914199821650982,
      0.0093518802896142,
      0.009277964942157269,
      0.009082309901714325,
      0.009075889363884926,
      0.008978311903774738
    ]
  },
  "topic_2": {
    "words": [
      "yo",
      "name",
      "true",
      "amt",
      "enjoy",
      "awesom",
      "ard",
      "okay",
      "old",
      "big",
      "funni",
      "liao",
      "haha",
      "avail",
      "open",
      "boytoy",
      "bit",
      "came",
      "haf",
      "two"
    ],
    "probabilities": [
      0.01805860362946987,
      0.016159528866410255,
      0.012158680707216263,
      0.011994014494121075,
      0.011748268269002438,
      0.011608809232711792,
      0.011521742679178715,
      0.011334452778100967,
      0.01126893237233162,
      0.011085220612585545,
      0.010569443926215172,
      0.01056328509002924,
      0.010560392402112484,
      0.010401393286883831,
      0.010256783105432987,
      0.010200027376413345,
      0.010094120167195797,
      0.009797671809792519,
      0.009692179039120674,
      0.009647760540246964
    ]
  },
  "topic_3": {
    "words": [
      "call",
      "check",
      "today",
      "buy",
      "pl",
      "wish",
      "free",
      "get",
      "go",
      "ltgt",
      "month",
      "new",
      "dad",
      "movi",
      "part",
      "disturb",
      "guy",
      "what",
      "phone",
      "offer"
    ],
    "probabilities": [
      0.037132132798433304,
      0.02659900113940239,
      0.01832667551934719,
      0.01697809249162674,
      0.014440753497183323,
      0.013992504216730595,
      0.013214043341577053,
      0.013157251290977001,
      0.013063067570328712,
      0.011897946707904339,
      0.011523494496941566,
      0.011107840575277805,
      0.010927346535027027,
      0.010584619827568531,
      0.010076738893985748,
      0.009925338439643383,
      0.009781675413250923,
      0.009619390591979027,
      0.009592493996024132,
      0.00952841155230999
    ]
  },
  "topic_4": {
    "words": [
      "account",
      "keep",
      "babi",
      "want",
      "hello",
      "de",
      "hour",
      "realli",
      "love",
      "wake",
      "tampa",
      "enough",
      "half",
      "happi",
      "famili",
      "normal",
      "kiss",
      "pretti",
      "see",
      "eye"
    ],
    "probabilities": [
      0.01648002490401268,
      0.015709737315773964,
      0.01569371111690998,
      0.014775755815207958,
      0.013902201317250729,
      0.013748060911893845,
      0.013006397522985935,
      0.012335140258073807,
      0.011670495383441448,
      0.011239341460168362,
      0.011054078117012978,
      0.010332182981073856,
      0.010003870353102684,
      0.009858695790171623,
      0.009723816998302937,
      0.009672210551798344,
      0.009522710926830769,
      0.009467949159443378,
      0.009443053044378757,
      0.009235236793756485
    ]
  },
  "topic_5": {
    "words": [
      "wanna",
      "servic",
      "readi",
      "earli",
      "complet",
      "custom",
      "question",
      "charg",
      "rington",
      "game",
      "thank",
      "excel",
      "umma",
      "first",
      "answer",
      "mobil",
      "order",
      "arriv",
      "tone",
      "stop"
    ],
    "probabilities": [
      0.040632251650094986,
      0.039378926157951355,
      0.03590317815542221,
      0.03381103277206421,
      0.029854174703359604,
      0.028759364038705826,
      0.022615039721131325,
      0.01974731683731079,
      0.018700262531638145,
      0.016659894958138466,
      0.014143719337880611,
      0.013893159106373787,
      0.013855623081326485,
      0.012699668295681477,
      0.011566195636987686,
      0.011352959088981152,
      0.011062324978411198,
      0.01102910004556179,
      0.010155724361538887,
      0.009793641045689583
    ]
  },
  "topic_6": {
    "words": [
      "without",
      "year",
      "txt",
      "person",
      "new",
      "ur",
      "round",
      "best",
      "tri",
      "ya",
      "haha",
      "text",
      "free",
      "attempt",
      "reach",
      "hope",
      "mani",
      "urgent",
      "super",
      "drive"
    ],
    "probabilities": [
      0.023562133312225342,
      0.023235511034727097,
      0.013861460611224174,
      0.010262902826070786,
      0.009894536808133125,
      0.009262113831937313,
      0.008959990926086903,
      0.008925186470150948,
      0.008868733420968056,
      0.008502891287207603,
      0.00831263791769743,
      0.008149920962750912,
      0.007836196571588516,
      0.007795339450240135,
      0.007158810738474131,
      0.0071111624129116535,
      0.006988107226788998,
      0.006789305247366428,
      0.00659454008564353,
      0.006579187233000994
    ]
  },
  "topic_7": {
    "words": [
      "mobil",
      "receiv",
      "per",
      "box",
      "nokia",
      "prize",
      "award",
      "free",
      "camera",
      "po",
      "select",
      "orang",
      "latest",
      "txt",
      "repli",
      "claim",
      "tone",
      "collect",
      "guarante",
      "urgent"
    ],
    "probabilities": [
      0.04081091284751892,
      0.02954055555164814,
      0.028063269332051277,
      0.027504950761795044,
      0.024598712101578712,
      0.024587031453847885,
      0.022734766826033592,
      0.020302481949329376,
      0.019377775490283966,
      0.018346363678574562,
      0.017870813608169556,
      0.016354314982891083,
      0.015650872141122818,
      0.015494619496166706,
      0.014135184697806835,
      0.01388696487993002,
      0.013245671056210995,
      0.012782521545886993,
      0.01234801858663559,
      0.012267665937542915
    ]
  },
  "topic_8": {
    "words": [
      "mani",
      "drive",
      "problem",
      "lunch",
      "there",
      "ah",
      "took",
      "aha",
      "lost",
      "date",
      "small",
      "pizza",
      "long",
      "sleep",
      "haha",
      "end",
      "chat",
      "take",
      "anoth",
      "year"
    ],