{
  "K": 10,
  "alpha": 1.0,
  "beta": 0.5,
  "prior_scale": 1.0,
  "method": "svi",
  "val_accuracy": 0.17347956131605186,
  "val_auc": 0.4251326795252735
}