{
  "topic_0": {
    "words": [
      "wont",
      "like",
      "start",
      "love",
      "car",
      "drive",
      "hour",
      "got",
      "rememb",
      "next",
      "da",
      "probabl",
      "bu",
      "ju",
      "soon",
      "pay",
      "nite",
      "special",
      "weekend",
      "movi"
    ],
    "probabilities": [
      0.012722722254693508,
      0.011544400826096535,
      0.011213110759854317,
      0.010384299792349339,
      0.010262846946716309,
      0.01013275422155857,
      0.009893098846077919,
      0.009499370120465755,
      0.009123985655605793,
      0.009020814672112465,
      0.008921878412365913,
      0.008399867452681065,
      0.008278388530015945,
      0.008254836313426495,
      0.008008304983377457,
      0.007829233072698116,
      0.007636478636413813,
      0.0074802846647799015,
      0.007458188571035862,
      0.007348448503762484
    ]
  },
  "topic_1": {
    "words": [
      "call",
      "claim",
      "oki",
      "prize",
      "cash",
      "may",
      "urgent",
      "contact",
      "collect",
      "player",
      "award",
      "rock",
      "mayb",
      "di",
      "receiv",
      "tc",
      "surf",
      "place",
      "prob",
      "keep"
    ],
    "probabilities": [
      0.0164764653891325,
      0.01565428450703621,
      0.014148261398077011,
      0.012259874492883682,
      0.012154700234532356,
      0.011058472096920013,
      0.010859409347176552,
      0.010363630019128323,
      0.010355833917856216,
      0.010019160807132721,
      0.009792872704565525,
      0.009687853045761585,
      0.009065194055438042,
      0.00869930349290371,
      0.00869530625641346,
      0.00844324380159378,
      0.008398989215493202,
      0.008298148401081562,
      0.008186372928321362,
      0.008108493871986866
    ]
  },
  "topic_2": {
    "words": [
      "wish",
      "go",
      "win",
      "today",
      "gud",
      "town",
      "liao",
      "mobil",
      "dad",
      "eat",
      "dun",
      "dat",
      "worri",
      "lar",
      "stay",
      "true",
      "chanc",
      "text",
      "book",
      "thk"
    ],
    "probabilities": [
      0.011238763108849525,
      0.010700764134526253,
      0.0102970777079463,
      0.008283834904432297,
      0.00822114571928978,
      0.007909840904176235,
      0.00783528108149767,
      0.007811339106410742,
      0.007491337601095438,
      0.0074182599782943726,
      0.007324845530092716,
      0.007107297889888287,
      0.007095558103173971,
      0.007042257115244865,
      0.007024173624813557,
      0.007012172602117062,
      0.0069413138553500175,
      0.006808043457567692,
      0.006779373623430729,
      0.00668268883600831
    ]
  },
  "topic_3": {
    "words": [
      "dont",
      "want",
      "know",
      "that",
      "good",
      "dear",
      "love",
      "well",
      "work",
      "much",
      "leav",
      "anyth",
      "check",
      "talk",
      "im",
      "way",
      "said",
      "happen",
      "thanx",
      "night"
    ],
    "probabilities": [
      0.022506780922412872,
      0.019644225016236305,
      0.019468974322080612,
      0.017929919064044952,
      0.017270592972636223,
      0.016809063032269478,
      0.014299524948000908,
      0.014226066879928112,
      0.014131891541182995,
      0.014081214554607868,
      0.01342593040317297,
      0.013352345675230026,
      0.013176755979657173,
      0.012900390662252903,
      0.012883791700005531,
      0.012395007535815239,
      0.01235882192850113,
      0.011748281307518482,
      0.01152115035802126,
      0.011093907058238983
    ]
  },
  "topic_4": {
    "words": [
      "wat",
      "go",
      "lor",
      "time",
      "free",
      "lol",
      "come",
      "tell",
      "make",
      "finish",
      "yet",
      "im",
      "late",
      "told",
      "yup",
      "pick",
      "buy",
      "get",
      "havent",
      "got"
    ],
    "probabilities": [
      0.036274172365665436,
      0.03529169037938118,
      0.031010083854198456,
      0.02735653705894947,
      0.02209514006972313,
      0.020382465794682503,
      0.01857432723045349,
      0.017930597066879272,
      0.017323901876807213,
      0.01706288568675518,
      0.01609298400580883,
      0.014964412897825241,
      0.014563990756869316,
      0.014238640666007996,
      0.014056897722184658,
      0.01334213837981224,
      0.0130966417491436,
      0.012828970327973366,
      0.012637997046113014,
      0.012241348624229431
    ]
  },
  "topic_5": {
    "words": [
      "yeah",
      "done",
      "think",
      "how",
      "sent",
      "ive",
      "say",
      "ltgt",
      "money",
      "ill",
      "show",
      "first",
      "fuck",
      "your",
      "play",
      "point",
      "number",
      "live",
      "ask",
      "account"
    ],
    "probabilities": [
      0.03188059851527214,
      0.02676493301987648,
      0.026465823873877525,
      0.024805724620819092,
      0.024376854300498962,
      0.023570802062749863,
      0.02185884304344654,
      0.021452102810144424,
      0.0204841960221529,
      0.020447220653295517,
      0.020383870229125023,
      0.01788521744310856,
      0.017877759411931038,
      0.017366863787174225,
      0.01599334366619587,
      0.01591494306921959,
      0.015627793967723846,
      0.013463032431900501,
      0.012190519832074642,
      0.01212379615753889
    ]
  },
  "topic_6": {
    "words": [
      "hi",
      "call",
      "pleas",
      "messag",
      "ok",
      "send",
      "home",
      "plan",
      "im",
      "one",
      "ur",
      "also",
      "come",
      "today",
      "job",
      "stop",
      "reach",
      "go",
      "like",
      "hello"
    ],
    "probabilities": [
      0.029143694788217545,
      0.027852941304445267,
      0.027285628020763397,
      0.026795733720064163,
      0.025360150262713432,
      0.024831188842654228,
      0.02473219856619835,
      0.021240809932351112,
      0.018500596284866333,
      0.0173127893358469,
      0.016724806278944016,
      0.016688091680407524,
      0.016319429501891136,
      0.015717945992946625,
      0.015638886019587517,
      0.014805060811340809,
      0.014614510349929333,
      0.012968957424163818,
      0.012817351147532463,
      0.012492002919316292
    ]
  },
  "topic_7": {
    "words": [
      "ok",
      "call",
      "later",
      "ill",
      "see",
      "im",
      "babe",
      "ya",
      "still",
      "meet",
      "min",
      "miss",
      "ltgt",
      "sorri",
      "go",
      "like",
      "home",
      "msg",
      "text",
      "guess"
    ],
    "probabilities": [
      0.054857607930898666,
      0.038155943155288696,
      0.03568020090460777,
      0.026566047221422195,
      0.02640252374112606,
      0.024096347391605377,
      0.021576575934886932,
      0.018870899453759193,
      0.018854912370443344,
      0.018780961632728577,
      0.0187314935028553,
      0.01814359240233898,
      0.015535755082964897,
      0.0153139503672719,
      0.014979997649788857,
      0.014802326448261738,
      0.014316769316792488,
      0.014306907542049885,
      0.01380939595401287,
      0.013079380616545677
    ]
  },
  "topic_8": {
    "words": [
      "heart",
      "great",
      "mani",
      "care",
      "hope",
      "ok",
      "new",
      "year",
      "sir",
      "even",
      "call",
      "im",
      "thank",
      "amp",
      "day",
      "da",
      "tomorrow",
      "get",
      "hand",
      "ur"
    ],