{
  "topic_0": {
    "words": [
      "call",
      "txt",
      "free",
      "ur",
      "mobil",
      "text",
      "week",
      "claim",
      "contact",
      "repli",
      "prize",
      "win",
      "cash",
      "stop",
      "best",
      "award",
      "urgent",
      "liao",
      "collect",
      "cost"
    ],
    "probabilities": [
      0.018604187294840813,
      0.014624934643507004,
      0.014058304950594902,
      0.01374107412993908,
      0.010563875548541546,
      0.010517955757677555,
      0.009648832492530346,
      0.008952821604907513,
      0.007446060422807932,
      0.007360581308603287,
      0.0072407908737659454,
      0.0071940552443265915,
      0.006881877314299345,
      0.0065161180682480335,
      0.00627307640388608,
      0.006011600140482187,
      0.005736582446843386,
      0.005717558786273003,
      0.0055161574855446815,
      0.005515631753951311
    ]
  },
  "topic_1": {
    "words": [
      "haha",
      "love",
      "wish",
      "oki",
      "drive",
      "got",
      "place",
      "keep",
      "wanna",
      "gud",
      "bring",
      "yo",
      "today",
      "never",
      "hello",
      "babi",
      "heart",
      "nite",
      "ah",
      "name"
    ],
    "probabilities": [
      0.0092373201623559,
      0.009103870950639248,
      0.008865108713507652,
      0.008451900444924831,
      0.008002892136573792,
      0.007782521657645702,
      0.007476662285625935,
      0.007128791883587837,
      0.007110883481800556,
      0.006975055672228336,
      0.006915846839547157,
      0.006892206147313118,
      0.0067646740935742855,
      0.006661903113126755,
      0.00658423313871026,
      0.006488010752946138,
      0.006440615747123957,
      0.006416286341845989,
      0.006411517504602671,
      0.006389026064425707
    ]
  },
  "topic_2": {
    "words": [
      "like",
      "work",
      "see",
      "oh",
      "yeah",
      "way",
      "well",
      "still",
      "im",
      "right",
      "get",
      "that",
      "check",
      "day",
      "plan",
      "today",
      "phone",
      "thank",
      "new",
      "come"
    ],
    "probabilities": [
      0.019959289580583572,
      0.018156252801418304,
      0.017204996198415756,
      0.01570013165473938,
      0.015463834628462791,
      0.015304025262594223,
      0.014573680236935616,
      0.014395995996892452,
      0.014226737432181835,
      0.013963393867015839,
      0.013208781369030476,
      0.012723524123430252,
      0.011690898798406124,
      0.011413084343075752,
      0.01090576034039259,
      0.010858684778213501,
      0.010727799497544765,
      0.01044308952987194,
      0.009844424203038216,
      0.009756027720868587
    ]
  },
  "topic_3": {
    "words": [
      "ok",
      "call",
      "go",
      "im",
      "come",
      "ill",
      "home",
      "ltgt",
      "lor",
      "da",
      "get",
      "wat",
      "later",
      "sorri",
      "time",
      "dear",
      "meet",
      "got",
      "hi",
      "ask"
    ],
    "probabilities": [
      0.04595908150076866,
      0.0326152965426445,
      0.03084460273385048,
      0.026352280750870705,
      0.02324712835252285,
      0.021351194009184837,
      0.019451262429356575,
      0.019347673282027245,
      0.01846047304570675,
      0.015800882130861282,
      0.01551415678113699,
      0.015268010087311268,
      0.014975056052207947,
      0.014941859990358353,
      0.011913859285414219,
      0.011643142439424992,
      0.011272568255662918,
      0.010779398493468761,
      0.010323308408260345,
      0.010032271035015583
    ]
  },
  "topic_4": {
    "words": [
      "know",
      "much",
      "think",
      "one",
      "ye",
      "love",
      "good",
      "anyth",
      "sent",
      "great",
      "happi",
      "make",
      "miss",
      "talk",
      "dont",
      "friend",
      "said",
      "use",
      "get",
      "fine"
    ],
    "probabilities": [
      0.021191997453570366,
      0.018948432058095932,
      0.01742636039853096,
      0.017197422683238983,
      0.01492905430495739,
      0.013772305101156235,
      0.013379826210439205,
      0.01322985626757145,
      0.01282686460763216,
      0.012763443402945995,
      0.01220409944653511,
      0.012126103043556213,
      0.01206993218511343,
      0.011723089031875134,
      0.011131065897643566,
      0.010508738458156586,
      0.010299433954060078,
      0.010243120603263378,
      0.00989626720547676,
      0.009770987555384636
    ]
  }
}