{
  "K": 20,
  "alpha": 1.0,
  "beta": 0.1,
  "prior_scale": 0.1,
  "method": "svi",
  "val_accuracy": 0.514160351017152,
  "val_auc": 0.5309244149064508
}