{
  "topic_0": {
    "words": [
      "ok",
      "im",
      "call",
      "go",
      "get",
      "come",
      "got",
      "home",
      "dont",
      "ill",
      "know",
      "sorri",
      "time",
      "love",
      "much",
      "still",
      "ltgt",
      "see",
      "da",
      "today"
    ],
    "probabilities": [
      0.023347774520516396,
      0.017284374684095383,
      0.015402023680508137,
      0.01389219518750906,
      0.012876741588115692,
      0.010353409685194492,
      0.010004010051488876,
      0.0089574521407485,
      0.00857548601925373,
      0.008484712801873684,
      0.008088324218988419,
      0.007960139773786068,
      0.007659533526748419,
      0.007580234669148922,
      0.007085870020091534,
      0.0069486345164477825,
      0.006909484975039959,
      0.006668837741017342,
      0.006663687992841005,
      0.006550030782818794
    ]
  },
  "topic_1": {
    "words": [
      "call",
      "txt",
      "claim",
      "ur",
      "prize",
      "mobil",
      "free",
      "tri",
      "custom",
      "cash",
      "lei",
      "award",
      "good",
      "collect",
      "servic",
      "wot",
      "hear",
      "win",
      "de",
      "nite"
    ],
    "probabilities": [
      0.015457866713404655,
      0.013114499859511852,
      0.012563190422952175,
      0.011116521432995796,
      0.010152353905141354,
      0.009776760824024677,
      0.009309924207627773,
      0.009046350605785847,
      0.008501713164150715,
      0.008315589278936386,
      0.008100451901555061,
      0.008066823706030846,
      0.007815715856850147,
      0.007688925135880709,
      0.00735779944807291,
      0.007288654334843159,
      0.0072006722912192345,
      0.007185299880802631,
      0.00690552918240428,
      0.006791833322495222
    ]
  },
  "topic_2": {
    "words": [
      "problem",
      "surf",
      "show",
      "account",
      "player",
      "bu",
      "haf",
      "amp",
      "point",
      "leav",
      "hous",
      "earli",
      "complet",
      "stuff",
      "okay",
      "came",
      "how",
      "open",
      "movi",
      "awesom"
    ],
    "probabilities": [
      0.014840765856206417,
      0.013869729824364185,
      0.013735721819102764,
      0.013528283685445786,
      0.012747734785079956,
      0.012531274929642677,
      0.012390438467264175,
      0.012369874864816666,
      0.012072458863258362,
      0.011856486089527607,
      0.01158882211893797,
      0.011091603897511959,
      0.01049940474331379,
      0.010232099331915379,
      0.0101945074275136,
      0.01000806875526905,
      0.010003251023590565,
      0.009990649297833443,
      0.00992943998426199,
      0.00972654577344656
    ]
  },
  "topic_3": {
    "words": [
      "pick",
      "ur",
      "like",
      "tell",
      "drive",
      "make",
      "sound",
      "around",
      "get",
      "babi",
      "plan",
      "come",
      "sent",
      "give",
      "go",
      "book",
      "first",
      "lor",
      "ask",
      "word"
    ],
    "probabilities": [
      0.01838041841983795,
      0.015393116511404514,
      0.014956791885197163,
      0.012804508209228516,
      0.012022030539810658,
      0.011832780204713345,
      0.010380251333117485,
      0.009291158989071846,
      0.009268268942832947,
      0.00923168659210205,
      0.008597987703979015,
      0.008587568067014217,
      0.008156485855579376,
      0.007688081357628107,
      0.007612678222358227,
      0.006909919437021017,
      0.006805081386119127,
      0.006795123219490051,
      0.00669832993298769,
      0.006535273976624012
    ]
  },
  "topic_4": {
    "words": [
      "go",
      "want",
      "call",
      "im",
      "ltgt",
      "come",
      "time",
      "princess",
      "get",
      "said",
      "good",
      "think",
      "wat",
      "still",
      "wan",
      "like",
      "dont",
      "stop",
      "right",
      "day"
    ],
    "probabilities": [
      0.01882142387330532,
      0.017967229709029198,
      0.016453983262181282,
      0.015690039843320847,
      0.015590746887028217,
      0.01458776369690895,
      0.013905285857617855,
      0.01329871080815792,
      0.01266785804182291,
      0.011397375725209713,
      0.011052964255213737,
      0.010041620582342148,
      0.00908696185797453,
      0.008778229355812073,
      0.008763565681874752,
      0.008313375525176525,
      0.007999604567885399,
      0.007885122671723366,
      0.007853725925087929,
      0.007839187048375607
    ]
  }
}