{
  "topic_0": {
    "words": [
      "ok",
      "call",
      "get",
      "go",
      "im",
      "come",
      "like",
      "got",
      "good",
      "ltgt",
      "time",
      "dont",
      "want",
      "know",
      "ill",
      "today",
      "home",
      "wat",
      "way",
      "day"
    ],
    "probabilities": [
      0.023554135113954544,
      0.01763790473341942,
      0.01593172550201416,
      0.014461680315434933,
      0.014125727117061615,
      0.012567108497023582,
      0.009549340233206749,
      0.009058424271643162,
      0.008948681876063347,
      0.008543029427528381,
      0.008474523201584816,
      0.008062631823122501,
      0.007994922809302807,
      0.0076503269374370575,
      0.0072589293122291565,
      0.007080205716192722,
      0.006315710488706827,
      0.006105739623308182,
      0.00609776983037591,
      0.005770605523139238
    ]
  },
  "topic_1": {
    "words": [
      "call",
      "free",
      "claim",
      "account",
      "prize",
      "min",
      "show",
      "point",
      "convey",
      "yesterday",
      "true",
      "exam",
      "download",
      "txt",
      "award",
      "line",
      "collect",
      "urgent",
      "pound",
      "half"
    ],
    "probabilities": [
      0.020884374156594276,
      0.019365517422556877,
      0.017208991572260857,
      0.016560446470975876,
      0.016491392627358437,
      0.016162917017936707,
      0.015215147286653519,
      0.013645101338624954,
      0.012552963569760323,
      0.01158845704048872,
      0.011546991765499115,
      0.011276341043412685,
      0.011116215959191322,
      0.010804295539855957,
      0.010707994922995567,
      0.010596435517072678,
      0.010512096807360649,
      0.010354146361351013,
      0.010345122776925564,
      0.009928194805979729
    ]
  },
  "topic_2": {
    "words": [
      "rememb",
      "haf",
      "song",
      "remain",
      "juz",
      "yup",
      "disturb",
      "finish",
      "hour",
      "anytim",
      "guess",
      "real",
      "abt",
      "problem",
      "lor",
      "reach",
      "thought",
      "ard",
      "sad",
      "alon"
    ],
    "probabilities": [
      0.021654216572642326,
      0.020909687504172325,
      0.019367963075637817,
      0.018410300835967064,
      0.017309781163930893,
      0.016372952610254288,
      0.016232561320066452,
      0.016149843111634254,
      0.016104329377412796,
      0.01600370928645134,
      0.015980318188667297,
      0.015913616865873337,
      0.015092574991285801,
      0.015065613202750683,
      0.014067847281694412,
      0.013394443318247795,
      0.01322902925312519,
      0.012748001143336296,
      0.012533629313111305,
      0.012528631836175919
    ]
  },
  "topic_3": {
    "words": [
      "wanna",
      "room",
      "question",
      "saw",
      "bed",
      "okay",
      "yeah",
      "pub",
      "boytoy",
      "wine",
      "wake",
      "old",
      "kiss",
      "hand",
      "gym",
      "someth",
      "love",
      "miss",
      "need",
      "correct"
    ],
    "probabilities": [
      0.019278423860669136,
      0.015591016039252281,
      0.014860711991786957,
      0.014712000265717506,
      0.01461341418325901,
      0.014443933963775635,
      0.01416187547147274,
      0.014093655161559582,
      0.013652733527123928,
      0.013234876096248627,
      0.013055236078798771,
      0.01303187943994999,
      0.012753956019878387,
      0.012579770758748055,
      0.01230615098029375,
      0.011623104102909565,
      0.011194353923201561,
      0.011045781895518303,
      0.010839859955012798,
      0.010799912735819817
    ]
  },
  "topic_4": {
    "words": [
      "hello",
      "train",
      "win",
      "amt",
      "ur",
      "ah",
      "normal",
      "amp",
      "week",
      "place",
      "colleg",
      "di",
      "txt",
      "man",
      "there",
      "found",
      "noe",
      "chanc",
      "sch",
      "game"
    ],
    "probabilities": [
      0.01771334744989872,
      0.017176808789372444,
      0.016634412109851837,
      0.016045480966567993,
      0.014622724615037441,
      0.014103465713560581,
      0.013529397547245026,
      0.013282790780067444,
      0.013234155252575874,
      0.013185803778469563,
      0.012960038147866726,
      0.01251310110092163,
      0.012184162624180317,
      0.011770366691052914,
      0.01170747634023428,
      0.011427079327404499,
      0.011198015883564949,
      0.011079921387135983,
      0.010950775817036629,
      0.01082837674766779
    ]
  },
  "topic_5": {
    "words": [
      "readi",
      "pay",
      "test",
      "awesom",
      "pretti",
      "girl",
      "sinc",
      "bad",
      "na",
      "aint",
      "wana",
      "ltdecimalgt",
      "speak",
      "goodmorn",
      "wait",
      "your",
      "feel",
      "togeth",
      "anyway",
      "torch"
    ],
    "probabilities": [
      0.022661222144961357,
      0.021937543526291847,
      0.02172747254371643,
      0.020322632044553757,
      0.018582789227366447,
      0.017879843711853027,
      0.015833739191293716,
      0.01486880797892809,
      0.014136397279798985,
      0.01366513967514038,
      0.013139157555997372,
      0.012660855427384377,
      0.011563170701265335,
      0.011207599192857742,
      0.010786482132971287,
      0.010759279131889343,
      0.0105581134557724,
      0.010294817388057709,
      0.009822610765695572,
      0.009113021194934845
    ]
  },
  "topic_6": {
    "words": [
      "much",
      "im",
      "tone",
      "call",
      "mean",
      "still",
      "said",
      "wont",
      "tonight",
      "go",
      "get",
      "sorri",
      "ur",
      "come",
      "drive",
      "home",
      "weekend",
      "anyth",
      "would",
      "dont"
    ],
    "probabilities": [
      0.01796930655837059,
      0.016477268189191818,
      0.01186273992061615,
      0.011301524937152863,
      0.011288932524621487,
      0.010946601629257202,
      0.010917405597865582,
      0.010636546649038792,
      0.01029246672987938,
      0.010235336609184742,
      0.010210378095507622,
      0.009590929374098778,
      0.00958900898694992,
      0.009523521177470684,
      0.009042496792972088,
      0.008877493441104889,
      0.008676979690790176,
      0.008612165227532387,
      0.007841973565518856,
      0.007441126275807619
    ]
  },
  "topic_7": {
    "words": [
      "meet",
      "oh",
      "complet",
      "sat",
      "thank",
      "im",
      "go",
      "right",
      "time",
      "much",
      "still",
      "come",
      "call",
      "get",
      "make",
      "ye",
      "sorri",
      "ill",
      "cours",
      "night"
    ],
    "probabilities": [
      0.029018810018897057,
      0.02396436780691147,
      0.018330074846744537,
      0.016990095376968384,
      0.01691935583949089,
      0.015809031203389168,
      0.015795372426509857,
      0.014561736024916172,
      0.01223449781537056,
      0.011908438056707382,
      0.009384693577885628,
      0.009327547624707222,
      0.009300092235207558,
      0.009279963560402393,
      0.009213794022798538,
      0.008854221552610397,
      0.00838333647698164,
      0.00822116807103157,
      0.008020270615816116,
      0.007920276373624802
    ]
  },
  "topic_8": {
    "words": [
      "play",
      "nope",
      "never",
      "xxx",
      "late",
      "enough",
      "im",
      "connect",
      "mum",
      "better",
      "alway",
      "much",
      "detail",
      "still",
      "fine",
      "go",
      "slow",
      "sorri",
      "later",
      "get"
    ],