{
  "topic_0": {
    "words": [
      "call",
      "hi",
      "car",
      "wish",
      "give",
      "left",
      "wot",
      "everi",
      "find",
      "lunch",
      "luv",
      "holiday",
      "seem",
      "tc",
      "trip",
      "min",
      "st",
      "tri",
      "anyway",
      "ring"
    ],
    "probabilities": [
      0.01650417037308216,
      0.01606030762195587,
      0.015916436910629272,
      0.014905829913914204,
      0.01311732828617096,
      0.01139761507511139,
      0.011110328137874603,
      0.01082067284733057,
      0.010345377027988434,
      0.00927481334656477,
      0.00884406641125679,
      0.008801599964499474,
      0.00864067766815424,
      0.00833185389637947,
      0.008235597051680088,
      0.008136443793773651,
      0.0080303018912673,
      0.007972191087901592,
      0.00788974855095148,
      0.007788229268044233
    ]
  },
  "topic_1": {
    "words": [
      "yo",
      "like",
      "town",
      "haf",
      "shop",
      "claim",
      "dunno",
      "liao",
      "player",
      "go",
      "stay",
      "dat",
      "book",
      "fun",
      "lar",
      "true",
      "di",
      "lei",
      "mind",
      "receiv"
    ],
    "probabilities": [
      0.011175260879099369,
      0.010987864807248116,
      0.01062065176665783,
      0.010443992912769318,
      0.010400057770311832,
      0.010390304028987885,
      0.010372829623520374,
      0.010353000834584236,
      0.010227288119494915,
      0.010045955888926983,
      0.010005924850702286,
      0.00996265560388565,
      0.009841500781476498,
      0.009697570465505123,
      0.00966516975313425,
      0.009495544247329235,
      0.009480324573814869,
      0.009463520720601082,
      0.009444388560950756,
      0.009336389601230621
    ]
  },
  "topic_2": {
    "words": [
      "show",
      "place",
      "oki",
      "rememb",
      "special",
      "person",
      "word",
      "abt",
      "weekend",
      "actual",
      "anoth",
      "rock",
      "dude",
      "point",
      "man",
      "okay",
      "part",
      "speak",
      "tri",
      "wonder"
    ],
    "probabilities": [
      0.016012361273169518,
      0.015115820802748203,
      0.014886212535202503,
      0.014262545853853226,
      0.013812818564474583,
      0.012655784375965595,
      0.012647314928472042,
      0.012356914579868317,
      0.011271871626377106,
      0.011195290833711624,
      0.011149276047945023,
      0.010914616286754608,
      0.010619673877954483,
      0.010598387569189072,
      0.010435106232762337,
      0.01041475310921669,
      0.010034145787358284,
      0.009928450919687748,
      0.009772089309990406,
      0.009584524668753147
    ]
  },
  "topic_3": {
    "words": [
      "call",
      "send",
      "free",
      "ltgt",
      "text",
      "messag",
      "number",
      "stop",
      "ur",
      "pleas",
      "get",
      "wait",
      "ye",
      "pl",
      "repli",
      "new",
      "txt",
      "sir",
      "phone",
      "mobil"
    ],
    "probabilities": [
      0.05210256576538086,
      0.02608143351972103,
      0.024392660707235336,
      0.021378394216299057,
      0.020735906437039375,
      0.018800590187311172,
      0.017794204875826836,
      0.017603572458028793,
      0.017022408545017242,
      0.01588950864970684,
      0.015324847772717476,
      0.014980488456785679,
      0.014708324335515499,
      0.014251061715185642,
      0.012419440783560276,
      0.012057059444487095,
      0.011015648022294044,
      0.010671031661331654,
      0.010572213679552078,
      0.010309010744094849
    ]
  },
  "topic_4": {
    "words": [
      "went",
      "how",
      "love",
      "haha",
      "drive",
      "babe",
      "feel",
      "hey",
      "bring",
      "gud",
      "ah",
      "nite",
      "ju",
      "earli",
      "big",
      "movi",
      "fuck",
      "ur",
      "song",
      "fine"
    ],
    "probabilities": [
      0.017145860940217972,
      0.016602076590061188,
      0.014411873184144497,
      0.01419173926115036,
      0.014072311110794544,
      0.01332028303295374,
      0.013006297871470451,
      0.012876545079052448,
      0.012708469294011593,
      0.012411696836352348,
      0.011401621624827385,
      0.011263829655945301,
      0.011258016340434551,
      0.011032531969249249,
      0.01098624523729086,
      0.010632982477545738,
      0.010361842811107635,
      0.010357068851590157,
      0.010210193693637848,
      0.010208948515355587
    ]
  },
  "topic_5": {
    "words": [
      "like",
      "work",
      "come",
      "much",
      "go",
      "im",
      "miss",
      "way",
      "tomorrow",
      "happi",
      "love",
      "plan",
      "get",
      "today",
      "happen",
      "make",
      "done",
      "watch",
      "cool",
      "year"
    ],
    "probabilities": [
      0.03403811901807785,
      0.029635470360517502,
      0.029137803241610527,
      0.027230417355895042,
      0.026320040225982666,
      0.024212082847952843,
      0.02138674631714821,
      0.021324798464775085,
      0.01949584297835827,
      0.018577957525849342,
      0.017650624737143517,
      0.01757838949561119,
      0.01741335354745388,
      0.017281515523791313,
      0.0163809172809124,
      0.013834349811077118,
      0.01378144696354866,
      0.013771465048193932,
      0.013204358518123627,
      0.01178104430437088
    ]
  },
  "topic_6": {
    "words": [
      "lor",
      "meet",
      "leav",
      "buy",
      "finish",
      "sleep",
      "go",
      "also",
      "alreadi",
      "im",
      "room",
      "late",
      "yup",
      "tonight",
      "reach",
      "dinner",
      "long",
      "guy",
      "mani",
      "bu"
    ],
    "probabilities": [
      0.028229670599102974,
      0.025516033172607422,
      0.02337351068854332,
      0.02240518480539322,
      0.01971508376300335,
      0.01968694105744362,
      0.019351297989487648,
      0.018848596140742302,
      0.018760809674859047,
      0.017936423420906067,
      0.017746569588780403,
      0.017704974859952927,
      0.01759297028183937,
      0.01723329722881317,
      0.016771232709288597,
      0.015313592739403248,
      0.015100957825779915,
      0.014992733485996723,
      0.013368861749768257,
      0.013188355602324009
    ]
  },
  "topic_7": {
    "words": [
      "hear",
      "anyth",
      "ok",
      "didnt",
      "might",
      "alway",
      "ill",
      "im",
      "come",
      "good",
      "dad",
      "dont",
      "get",
      "want",
      "know",
      "home",
      "back",
      "told",
      "got",
      "tell"
    ],
    "probabilities": [
      0.031551554799079895,
      0.029748231172561646,
      0.026138029992580414,
      0.024440119042992592,
      0.0202447809278965,
      0.01942630298435688,
      0.016702163964509964,
      0.015742981806397438,
      0.014365104958415031,
      0.014203257858753204,
      0.014103093184530735,
      0.013766282238066196,
      0.013656535185873508,
      0.013409326784312725,
      0.013054938986897469,
      0.012577618472278118,
      0.012536213733255863,
      0.0125346714630723,
      0.012528099119663239,
      0.012465869076550007
    ]
  },
  "topic_8": {
    "words": [
      "ok",
      "ill",
      "im",
      "sorri",
      "later",
      "know",
      "come",
      "got",
      "get",
      "home",
      "go",
      "good",
      "want",
      "wat",
      "dont",
      "time",
      "one",
      "that",
      "yeah",
      "well"
    ],