{
  "K": 15,
  "alpha": 1.0,
  "beta": 0.01,
  "prior_scale": 1.0,
  "method": "svi",
  "val_accuracy": 0.43469591226321036,
  "val_auc": 0.4891881215327276
}