{
  "K": 10,
  "alpha": 0.5,
  "beta": 0.1,
  "prior_scale": 1.0,
  "method": "mcmc",
  "val_accuracy": 0.8654037886340977,
  "val_auc": 0.9577486560294042
}