{
  "topic_0": {
    "words": [
      "ok",
      "im",
      "go",
      "come",
      "get",
      "call",
      "want",
      "ill",
      "dont",
      "time",
      "good",
      "got",
      "home",
      "still",
      "sorri",
      "much",
      "like",
      "know",
      "da",
      "today"
    ],
    "probabilities": [
      0.027491530403494835,
      0.02505567856132984,
      0.021471122279763222,
      0.018458440899848938,
      0.01689358614385128,
      0.01585109531879425,
      0.012144609354436398,
      0.011900629848241806,
      0.011432526633143425,
      0.011168321594595909,
      0.01112557016313076,
      0.011014158837497234,
      0.01042992901057005,
      0.010193710215389729,
      0.0100221186876297,
      0.009853391908109188,
      0.00976236816495657,
      0.00914851576089859,
      0.008659712970256805,
      0.008101709187030792
    ]
  },
  "topic_1": {
    "words": [
      "ltgt",
      "call",
      "show",
      "min",
      "pa",
      "pay",
      "give",
      "someon",
      "probabl",
      "account",
      "point",
      "lunch",
      "first",
      "dat",
      "today",
      "eat",
      "lor",
      "best",
      "anytim",
      "got"
    ],
    "probabilities": [
      0.028963247314095497,
      0.01570075750350952,
      0.013193504884839058,
      0.011776087805628777,
      0.010176269337534904,
      0.009483552537858486,
      0.009027641266584396,
      0.0077513097785413265,
      0.007745055016130209,
      0.007589072920382023,
      0.0075409081764519215,
      0.0072400555945932865,
      0.007192251272499561,
      0.007043091114610434,
      0.006968878209590912,
      0.006588474847376347,
      0.006541350390762091,
      0.006513971835374832,
      0.006490182131528854,
      0.0064278761856257915
    ]
  },
  "topic_2": {
    "words": [
      "free",
      "ur",
      "text",
      "new",
      "txt",
      "stop",
      "call",
      "check",
      "mobil",
      "msg",
      "get",
      "win",
      "phone",
      "repli",
      "surf",
      "week",
      "month",
      "cost",
      "everi",
      "word"
    ],
    "probabilities": [
      0.03428700938820839,
      0.02615552395582199,
      0.02345520257949829,
      0.021936707198619843,
      0.021549243479967117,
      0.020964795723557472,
      0.02088324911892414,
      0.014541441574692726,
      0.013991869054734707,
      0.012662108056247234,
      0.01253877766430378,
      0.012062318623065948,
      0.011384100653231144,
      0.011124172247946262,
      0.01054701954126358,
      0.010060733184218407,
      0.009724659845232964,
      0.009671968407928944,
      0.009384975768625736,
      0.009240896441042423
    ]
  },
  "topic_3": {
    "words": [
      "wait",
      "tri",
      "make",
      "start",
      "chat",
      "miss",
      "last",
      "hello",
      "fuck",
      "player",
      "how",
      "need",
      "urgent",
      "job",
      "love",
      "fun",
      "call",
      "day",
      "prize",
      "contact"
    ],
    "probabilities": [
      0.016802553087472916,
      0.015561792999505997,
      0.015381895005702972,
      0.014597427099943161,
      0.014429949223995209,
      0.014371778815984726,
      0.01398004125803709,
      0.012811534106731415,
      0.01273195631802082,
      0.012442228384315968,
      0.011477569118142128,
      0.01061178557574749,
      0.010567850433290005,
      0.010341248475015163,
      0.01018673274666071,
      0.009977689944207668,
      0.009784778580069542,
      0.009778396226465702,
      0.009749501012265682,
      0.009509610012173653
    ]
  },
  "topic_4": {
    "words": [
      "hour",
      "money",
      "said",
      "let",
      "co",
      "see",
      "thought",
      "would",
      "ah",
      "guess",
      "might",
      "hold",
      "actual",
      "person",
      "bit",
      "never",
      "ive",
      "doesnt",
      "two",
      "chennai"
    ],
    "probabilities": [
      0.022420259192585945,
      0.02075522392988205,
      0.01976856216788292,
      0.017922434955835342,
      0.016624242067337036,
      0.015828020870685577,
      0.015278652310371399,
      0.015265115536749363,
      0.015221945941448212,
      0.01486307755112648,
      0.014437445439398289,
      0.014070751145482063,
      0.013468552380800247,
      0.01336345449090004,
      0.013099921867251396,
      0.0126761170104146,
      0.012317001819610596,
      0.012027977965772152,
      0.01195100974291563,
      0.010719937272369862
    ]
  },
  "topic_5": {
    "words": [
      "amp",
      "keep",
      "wonder",
      "better",
      "smile",
      "name",
      "yesterday",
      "pain",
      "morn",
      "pub",
      "girl",
      "play",
      "post",
      "suppos",
      "wont",
      "worri",
      "move",
      "made",
      "die",
      "told"
    ],
    "probabilities": [
      0.047774042934179306,
      0.03696879372000694,
      0.03660328686237335,
      0.030798662453889847,
      0.0302084069699049,
      0.029156243428587914,
      0.0291119534522295,
      0.028004389256238937,
      0.025677774101495743,
      0.02564334124326706,
      0.025443539023399353,
      0.0233597531914711,
      0.023011960089206696,
      0.02300850860774517,
      0.022841492667794228,
      0.022261718288064003,
      0.022167254239320755,
      0.022049015387892723,
      0.018908197060227394,
      0.018546972423791885
    ]
  },
  "topic_6": {
    "words": [
      "live",
      "man",
      "receiv",
      "special",
      "de",
      "select",
      "juz",
      "peopl",
      "sir",
      "th",
      "box",
      "holiday",
      "cash",
      "end",
      "compani",
      "po",
      "place",
      "mate",
      "number",
      "shop"
    ],
    "probabilities": [
      0.04754352197051048,
      0.041899438947439194,
      0.041488148272037506,
      0.03651327267289162,
      0.03576299548149109,
      0.03445020318031311,
      0.03400886431336403,
      0.031894370913505554,
      0.030691273510456085,
      0.030119622126221657,
      0.028764616698026657,
      0.028069907799363136,
      0.027892855927348137,
      0.025812655687332153,
      0.02200622856616974,
      0.02195107378065586,
      0.021099166944622993,
      0.019771618768572807,
      0.018362754955887794,
      0.01806885376572609
    ]
  },
  "topic_7": {
    "words": [
      "na",
      "took",
      "seem",
      "sm",
      "old",
      "po",
      "ppm",
      "sad",
      "offic",
      "aint",
      "funni",
      "bad",
      "away",
      "holiday",
      "stuff",
      "onlin",
      "box",
      "sir",
      "download",
      "smoke"
    ],
    "probabilities": [
      0.15881429612636566,
      0.09150088578462601,
      0.07215053588151932,
      0.06323078274726868,
      0.05710449814796448,
      0.047560274600982666,
      0.04122359678149223,
      0.04094357416033745,
      0.0399136058986187,
      0.03154761344194412,
      0.029897471889853477,
      0.02610473893582821,
      0.022995375096797943,
      0.02088630013167858,
      0.019151782616972923,
      0.018506454303860664,
      0.014525104314088821,
      0.014097283594310284,
      0.01408682856708765,
      0.012614424340426922
    ]
  },
  "topic_8": {
    "words": [
      "took",
      "na",
      "seem",
      "po",
      "old",
      "sad",
      "funni",
      "ppm",
      "aint",
      "sm",
      "holiday",
      "away",
      "bad",
      "suppos",
      "sir",
      "box",
      "onlin",
      "download",
      "stuff",
      "smoke"
    ],