{
  "topic_0": {
    "words": [
      "call",
      "go",
      "im",
      "get",
      "ur",
      "ltgt",
      "day",
      "want",
      "free",
      "got",
      "da",
      "player",
      "like",
      "good",
      "time",
      "amt",
      "text",
      "place",
      "one",
      "send"
    ],
    "probabilities": [
      0.017063595354557037,
      0.015486584976315498,
      0.012612063437700272,
      0.010494793765246868,
      0.008893944323062897,
      0.008800157345831394,
      0.008637616410851479,
      0.008473849855363369,
      0.00758853554725647,
      0.007244036067277193,
      0.007164188660681248,
      0.006666588131338358,
      0.005802091211080551,
      0.005758130457252264,
      0.005697853863239288,
      0.005558020435273647,
      0.005381862632930279,
      0.005255399737507105,
      0.005206251051276922,
      0.005008823238313198
    ]
  },
  "topic_1": {
    "words": [
      "surf",
      "readi",
      "ah",
      "song",
      "got",
      "dude",
      "suppos",
      "tampa",
      "back",
      "wot",
      "what",
      "sad",
      "put",
      "ring",
      "disturb",
      "new",
      "real",
      "hand",
      "done",
      "omw"
    ],
    "probabilities": [
      0.02564990147948265,
      0.022047895938158035,
      0.019049856811761856,
      0.017699670046567917,
      0.01748291216790676,
      0.01655883900821209,
      0.015873607248067856,
      0.01534836646169424,
      0.015293621458113194,
      0.014860797673463821,
      0.014353249222040176,
      0.014346200041472912,
      0.013981828466057777,
      0.013970083557069302,
      0.013584518805146217,
      0.01342657208442688,
      0.013179400004446507,
      0.0131106311455369,
      0.012930936180055141,
      0.012837126851081848
    ]
  },
  "topic_2": {
    "words": [
      "remain",
      "ha",
      "doesnt",
      "sinc",
      "stand",
      "also",
      "train",
      "true",
      "big",
      "move",
      "hold",
      "na",
      "aight",
      "dnt",
      "system",
      "came",
      "chennai",
      "who",
      "wine",
      "sweet"
    ],
    "probabilities": [
      0.018890345469117165,
      0.016790714114904404,
      0.016700956970453262,
      0.01666071079671383,
      0.016422374173998833,
      0.016126219183206558,
      0.015538853593170643,
      0.014961319044232368,
      0.013431690633296967,
      0.01334795355796814,
      0.01331457868218422,
      0.013298648409545422,
      0.013238838873803616,
      0.013217604719102383,
      0.013102135621011257,
      0.012930154800415039,
      0.012487259693443775,
      0.012407121248543262,
      0.01181105338037014,
      0.011715655215084553
    ]
  },
  "topic_3": {
    "words": [
      "sent",
      "love",
      "happi",
      "watch",
      "havent",
      "night",
      "good",
      "wish",
      "thing",
      "morn",
      "smile",
      "gotta",
      "kiss",
      "ltgt",
      "alreadi",
      "thought",
      "well",
      "ya",
      "feel",
      "littl"
    ],
    "probabilities": [
      0.017477890476584435,
      0.016113802790641785,
      0.01542010996490717,
      0.015182028524577618,
      0.014624271541833878,
      0.014562155120074749,
      0.013863136060535908,
      0.013619696721434593,
      0.012828881852328777,
      0.012699456885457039,
      0.012366142123937607,
      0.011859721504151821,
      0.011447972618043423,
      0.011170663870871067,
      0.010812311433255672,
      0.010673390701413155,
      0.010631591081619263,
      0.010508508421480656,
      0.010499405674636364,
      0.010460575111210346
    ]
  },
  "topic_4": {
    "words": [
      "ur",
      "shall",
      "today",
      "pl",
      "pretti",
      "wanna",
      "sm",
      "want",
      "po",
      "email",
      "seem",
      "tomorrow",
      "stop",
      "de",
      "compani",
      "tel",
      "enough",
      "aint",
      "smoke",
      "gym"
    ],
    "probabilities": [
      0.013957382179796696,
      0.012779408134520054,
      0.012257285416126251,
      0.011714158579707146,
      0.011188560165464878,
      0.01115180179476738,
      0.010674962773919106,
      0.010414444841444492,
      0.010288657620549202,
      0.010147019289433956,
      0.009744915179908276,
      0.0096820667386055,
      0.009680982679128647,
      0.009650512598454952,
      0.009648796170949936,
      0.009579786099493504,
      0.00949702225625515,
      0.009436182677745819,
      0.009405181743204594,
      0.009342136792838573
    ]
  },
  "topic_5": {
    "words": [
      "tonight",
      "said",
      "room",
      "got",
      "dun",
      "soon",
      "show",
      "lei",
      "someth",
      "wait",
      "anoth",
      "everi",
      "stuff",
      "eat",
      "month",
      "go",
      "weekend",
      "bed",
      "well",
      "long"
    ],
    "probabilities": [
      0.02102609910070896,
      0.01992769166827202,
      0.019765829667448997,
      0.01925947703421116,
      0.017543109133839607,
      0.016676373779773712,
      0.016583489254117012,
      0.016151169314980507,
      0.016063706949353218,
      0.014818337745964527,
      0.014667579904198647,
      0.014297053217887878,
      0.013896845281124115,
      0.013880264014005661,
      0.013877959921956062,
      0.013759576715528965,
      0.012974781915545464,
      0.012963684275746346,
      0.012639018706977367,
      0.012159282341599464
    ]
  },
  "topic_6": {
    "words": [
      "ok",
      "go",
      "im",
      "dear",
      "time",
      "wat",
      "come",
      "know",
      "lor",
      "thank",
      "want",
      "today",
      "dont",
      "still",
      "talk",
      "home",
      "get",
      "day",
      "finish",
      "anyth"
    ],
    "probabilities": [
      0.0784660130739212,
      0.03651348501443863,
      0.02829141356050968,
      0.021024657413363457,
      0.02073615975677967,
      0.020103715360164642,
      0.019304150715470314,
      0.01807309128344059,
      0.017303382977843285,
      0.017244841903448105,
      0.017031610012054443,
      0.016160873696208,
      0.01579625904560089,
      0.015622726641595364,
      0.015192309394478798,
      0.014590702950954437,
      0.013880159705877304,
      0.013238820247352123,
      0.011597754433751106,
      0.011486208066344261
    ]
  },
  "topic_7": {
    "words": [
      "da",
      "come",
      "way",
      "meet",
      "job",
      "point",
      "pa",
      "around",
      "ask",
      "account",
      "cost",
      "contact",
      "call",
      "year",
      "sir",
      "messag",
      "old",
      "shit",
      "may",
      "number"
    ],
    "probabilities": [
      0.028258198872208595,
      0.026039496064186096,
      0.024684039875864983,
      0.017462536692619324,
      0.0154276043176651,
      0.01474672183394432,
      0.01440380048006773,
      0.014295765198767185,
      0.01352907344698906,
      0.013204261660575867,
      0.012451906688511372,
      0.012205312959849834,
      0.012055951170623302,
      0.011653797701001167,
      0.011188406497240067,
      0.01115820650011301,
      0.010870693251490593,
      0.010659116320312023,
      0.010298527777194977,
      0.01029660552740097
    ]
  },
  "topic_8": {
    "words": [
      "that",
      "fine",
      "oh",
      "give",
      "noth",
      "happen",
      "sure",
      "drive",
      "rememb",
      "sound",
      "hungri",
      "buy",
      "think",
      "bring",
      "earli",
      "co",
      "problem",
      "car",
      "great",
      "take"
    ],