{
  "topic_0": {
    "words": [
      "call",
      "im",
      "go",
      "good",
      "work",
      "ur",
      "free",
      "come",
      "ltgt",
      "get",
      "got",
      "today",
      "send",
      "number",
      "ok",
      "wait",
      "talk",
      "oh",
      "messag",
      "see"
    ],
    "probabilities": [
      0.01869107224047184,
      0.015769850462675095,
      0.01342671550810337,
      0.010661940090358257,
      0.009998701512813568,
      0.00994987040758133,
      0.009861274622380733,
      0.00932245422154665,
      0.00913957878947258,
      0.008891225792467594,
      0.00853958260267973,
      0.008284429088234901,
      0.007986055687069893,
      0.007441192865371704,
      0.007149910554289818,
      0.007006021216511726,
      0.006845459807664156,
      0.006776284426450729,
      0.006433830130845308,
      0.006426790729165077
    ]
  },
  "topic_1": {
    "words": [
      "oki",
      "car",
      "want",
      "bring",
      "hous",
      "place",
      "may",
      "abt",
      "real",
      "sound",
      "dude",
      "mayb",
      "there",
      "left",
      "shop",
      "colleg",
      "enjoy",
      "enough",
      "wk",
      "pic"
    ],
    "probabilities": [
      0.020402682945132256,
      0.01996121183037758,
      0.017391584813594818,
      0.016768211498856544,
      0.015949640423059464,
      0.01523294672369957,
      0.015185491181910038,
      0.014928271062672138,
      0.014833977445960045,
      0.014157947152853012,
      0.014139012433588505,
      0.013324009254574776,
      0.012789372354745865,
      0.0127833541482687,
      0.012519106268882751,
      0.01193685457110405,
      0.011871502734720707,
      0.011505357921123505,
      0.011041328310966492,
      0.01096013281494379
    ]
  },
  "topic_2": {
    "words": [
      "day",
      "need",
      "dont",
      "da",
      "think",
      "right",
      "im",
      "good",
      "plan",
      "that",
      "gud",
      "morn",
      "probabl",
      "your",
      "minut",
      "class",
      "come",
      "buy",
      "amp",
      "yeah"
    ],
    "probabilities": [
      0.02093975432217121,
      0.02001679688692093,
      0.019818687811493874,
      0.017952658236026764,
      0.017493192106485367,
      0.016560697928071022,
      0.015609079971909523,
      0.012961257249116898,
      0.01294941920787096,
      0.01282449159771204,
      0.012528514489531517,
      0.011379113420844078,
      0.011109603568911552,
      0.01099600549787283,
      0.010990995913743973,
      0.010459409095346928,
      0.010176066309213638,
      0.010043603368103504,
      0.009817018173635006,
      0.0093302633613348
    ]
  },
  "topic_3": {
    "words": [
      "drive",
      "late",
      "anoth",
      "find",
      "okay",
      "food",
      "wine",
      "bed",
      "pain",
      "dad",
      "brother",
      "thank",
      "next",
      "yesterday",
      "tri",
      "line",
      "import",
      "best",
      "hr",
      "love"
    ],
    "probabilities": [
      0.023557225242257118,
      0.018402820453047752,
      0.01797528937458992,
      0.016698401421308517,
      0.01596863381564617,
      0.015268346294760704,
      0.0149891572073102,
      0.014697691425681114,
      0.014317133463919163,
      0.013810188509523869,
      0.013303588144481182,
      0.013130073435604572,
      0.01312227826565504,
      0.012618998996913433,
      0.01231759786605835,
      0.01135769672691822,
      0.011263513006269932,
      0.011247111484408379,
      0.011138685047626495,
      0.011050761677324772
    ]
  },
  "topic_4": {
    "words": [
      "yup",
      "open",
      "rock",
      "pa",
      "surf",
      "part",
      "anytim",
      "seem",
      "disturb",
      "ard",
      "anyway",
      "pay",
      "test",
      "remain",
      "treat",
      "nd",
      "amt",
      "els",
      "normal",
      "doesnt"
    ],
    "probabilities": [
      0.026456836611032486,
      0.023725444450974464,
      0.019712377339601517,
      0.019424013793468475,
      0.01855948008596897,
      0.01745183765888214,
      0.016138574108481407,
      0.016015568748116493,
      0.015466664917767048,
      0.014818885363638401,
      0.014712351374328136,
      0.014589237049221992,
      0.014536567963659763,
      0.01449128333479166,
      0.014306022785604,
      0.013620760291814804,
      0.013148630037903786,
      0.01240649912506342,
      0.012401157990098,
      0.012231070548295975
    ]
  },
  "topic_5": {
    "words": [
      "call",
      "free",
      "ur",
      "princess",
      "great",
      "problem",
      "week",
      "pleas",
      "servic",
      "get",
      "number",
      "chat",
      "start",
      "wait",
      "phone",
      "stuff",
      "txt",
      "ye",
      "text",
      "mobil"
    ],
    "probabilities": [
      0.060222674161195755,
      0.01855967566370964,
      0.018539290875196457,
      0.016601473093032837,
      0.015111848711967468,
      0.01425839401781559,
      0.013491016812622547,
      0.013233639299869537,
      0.011942252516746521,
      0.011586187407374382,
      0.01130961999297142,
      0.011105854995548725,
      0.011011522263288498,
      0.011005627922713757,
      0.010989774018526077,
      0.010828617960214615,
      0.010431472212076187,
      0.009998228400945663,
      0.009877714328467846,
      0.009264057502150536
    ]
  },
  "topic_6": {
    "words": [
      "go",
      "ill",
      "come",
      "like",
      "im",
      "sorri",
      "later",
      "time",
      "got",
      "lor",
      "home",
      "ltgt",
      "get",
      "want",
      "way",
      "call",
      "ok",
      "see",
      "meet",
      "pick"
    ],
    "probabilities": [
      0.03869038447737694,
      0.03732435032725334,
      0.0314975380897522,
      0.02951117791235447,
      0.02867070585489273,
      0.025512877851724625,
      0.024912236258387566,
      0.02366197295486927,
      0.02244800329208374,
      0.0208728089928627,
      0.0208433885127306,
      0.018983270972967148,
      0.018646836280822754,
      0.01770099066197872,
      0.01674838550388813,
      0.016657520085573196,
      0.016272956505417824,
      0.015848619863390923,
      0.015199844725430012,
      0.01471007987856865
    ]
  },
  "topic_7": {
    "words": [
      "wish",
      "guy",
      "actual",
      "birthday",
      "prob",
      "hungri",
      "famili",
      "exam",
      "bath",
      "mom",
      "caus",
      "wif",
      "convey",
      "noe",
      "dat",
      "close",
      "lost",
      "regard",
      "better",
      "she"
    ],
    "probabilities": [
      0.032529450953006744,
      0.027306009083986282,
      0.020581446588039398,
      0.019978949800133705,
      0.019097428768873215,
      0.018306275829672813,
      0.01765028014779091,
      0.01755642332136631,
      0.01746414415538311,
      0.017280928790569305,
      0.017087476328015327,
      0.017086148262023926,
      0.017067058011889458,
      0.01692640595138073,
      0.016900572925806046,
      0.01575740985572338,
      0.015712501481175423,
      0.014840488322079182,
      0.013828015886247158,
      0.013494521379470825
    ]
  },
  "topic_8": {
    "words": [
      "wat",
      "happi",
      "wan",
      "lunch",
      "go",
      "ju",
      "finish",
      "lor",
      "havent",
      "eat",
      "lei",
      "watch",
      "alreadi",
      "dunno",
      "year",
      "aight",
      "came",
      "book",
      "lar",
      "ask"
    ],