{
  "topic_0": {
    "words": [
      "give",
      "today",
      "hey",
      "mayb",
      "lar",
      "true",
      "treat",
      "tmr",
      "hair",
      "join",
      "meet",
      "book",
      "chat",
      "import",
      "yesterday",
      "enough",
      "wif",
      "hungri",
      "hold",
      "there"
    ],
    "probabilities": [
      0.015335720963776112,
      0.013531254604458809,
      0.01194801740348339,
      0.01127354335039854,
      0.01080049853771925,
      0.010250254534184933,
      0.009881887584924698,
      0.00981233175843954,
      0.009741190820932388,
      0.009691201150417328,
      0.009654591791331768,
      0.00958261825144291,
      0.009485305286943913,
      0.00946157705038786,
      0.009437900967895985,
      0.009279796853661537,
      0.009253328666090965,
      0.00913179013878107,
      0.009093099273741245,
      0.008808501996099949
    ]
  },
  "topic_1": {
    "words": [
      "love",
      "like",
      "dont",
      "wish",
      "day",
      "keep",
      "lot",
      "name",
      "amp",
      "gud",
      "im",
      "want",
      "fuck",
      "person",
      "know",
      "play",
      "need",
      "alway",
      "would",
      "yo"
    ],
    "probabilities": [
      0.017338654026389122,
      0.015275158919394016,
      0.012882376089692116,
      0.012463580816984177,
      0.012414970435202122,
      0.012315943837165833,
      0.01075202226638794,
      0.01052283588796854,
      0.010369956493377686,
      0.010274953208863735,
      0.010243943892419338,
      0.00959845632314682,
      0.009307297877967358,
      0.009178061969578266,
      0.009072787128388882,
      0.008922716602683067,
      0.008659150451421738,
      0.008582310751080513,
      0.008482707664370537,
      0.008450882509350777
    ]
  },
  "topic_2": {
    "words": [
      "go",
      "wat",
      "lor",
      "watch",
      "ok",
      "thanx",
      "im",
      "finish",
      "yet",
      "fine",
      "alreadi",
      "reach",
      "one",
      "yup",
      "nice",
      "pa",
      "got",
      "havent",
      "wan",
      "oki"
    ],
    "probabilities": [
      0.03879111632704735,
      0.02745656855404377,
      0.026950068771839142,
      0.015868622809648514,
      0.015744751319289207,
      0.01400153711438179,
      0.013613388873636723,
      0.0129636749625206,
      0.012375527061522007,
      0.012321149930357933,
      0.012230275198817253,
      0.011555292643606663,
      0.011207210831344128,
      0.010806177742779255,
      0.01076051127165556,
      0.009886586107313633,
      0.009876543655991554,
      0.009745697490870953,
      0.009376615285873413,
      0.009237942285835743
    ]
  },
  "topic_3": {
    "words": [
      "call",
      "free",
      "ur",
      "text",
      "txt",
      "stop",
      "week",
      "repli",
      "mobil",
      "get",
      "claim",
      "phone",
      "msg",
      "new",
      "contact",
      "prize",
      "win",
      "servic",
      "cash",
      "pleas"
    ],
    "probabilities": [
      0.0519283264875412,
      0.02828769013285637,
      0.020277447998523712,
      0.01844804733991623,
      0.01791437529027462,
      0.016512129455804825,
      0.013216699473559856,
      0.01311501394957304,
      0.012899884022772312,
      0.012492300011217594,
      0.011263071559369564,
      0.010132068768143654,
      0.01008423138409853,
      0.009611787274479866,
      0.008898908272385597,
      0.008679031394422054,
      0.008671539835631847,
      0.00850625429302454,
      0.008417928591370583,
      0.008215947076678276
    ]
  },
  "topic_4": {
    "words": [
      "next",
      "room",
      "noth",
      "feel",
      "went",
      "show",
      "wanna",
      "babe",
      "may",
      "better",
      "stuff",
      "wot",
      "someth",
      "dad",
      "live",
      "part",
      "pain",
      "brother",
      "exam",
      "post"
    ],
    "probabilities": [
      0.030108002945780754,
      0.025088602676987648,
      0.02444128505885601,
      0.024024616926908493,
      0.023210600018501282,
      0.02196701057255268,
      0.019556697458028793,
      0.01749507337808609,
      0.016990184783935547,
      0.016827914863824844,
      0.015363466925919056,
      0.014355323277413845,
      0.014080533757805824,
      0.013936717994511127,
      0.013005475513637066,
      0.012599651701748371,
      0.011648409068584442,
      0.011151713319122791,
      0.010785150341689587,
      0.010769435204565525
    ]
  },
  "topic_5": {
    "words": [
      "late",
      "minut",
      "your",
      "around",
      "haha",
      "car",
      "ltgt",
      "bu",
      "could",
      "pay",
      "offic",
      "nite",
      "chang",
      "back",
      "soon",
      "last",
      "de",
      "dude",
      "shop",
      "night"
    ],
    "probabilities": [
      0.028630902990698814,
      0.027876831591129303,
      0.02690187469124794,
      0.024453241378068924,
      0.024429338052868843,
      0.0239760372787714,
      0.021914033219218254,
      0.021069379523396492,
      0.020393405109643936,
      0.017891600728034973,
      0.017648497596383095,
      0.017590468749403954,
      0.017278475686907768,
      0.016474559903144836,
      0.016416266560554504,
      0.015891091898083687,
      0.014978235587477684,
      0.014464152045547962,
      0.012872370891273022,
      0.012570967897772789
    ]
  },
  "topic_6": {
    "words": [
      "hi",
      "anyth",
      "miss",
      "check",
      "tonight",
      "problem",
      "use",
      "dont",
      "ya",
      "didnt",
      "happi",
      "open",
      "thought",
      "okay",
      "shall",
      "love",
      "special",
      "xxx",
      "word",
      "hey"
    ],
    "probabilities": [
      0.04426410049200058,
      0.043365657329559326,
      0.032804619520902634,
      0.026665763929486275,
      0.022816719487309456,
      0.02242378331720829,
      0.02214566431939602,
      0.021482473239302635,
      0.02018340677022934,
      0.018903331831097603,
      0.018585942685604095,
      0.017333554103970528,
      0.01696658506989479,
      0.01653320901095867,
      0.015121863223612309,
      0.01480092853307724,
      0.014432216063141823,
      0.014378225430846214,
      0.013725707307457924,
      0.01331877801567316
    ]
  },
  "topic_7": {
    "words": [
      "dear",
      "talk",
      "work",
      "tomorrow",
      "happen",
      "done",
      "buy",
      "told",
      "start",
      "train",
      "drive",
      "come",
      "someth",
      "ok",
      "tell",
      "im",
      "point",
      "call",
      "said",
      "meet"
    ],
    "probabilities": [
      0.06693997979164124,
      0.04507039859890938,
      0.03716504946351051,
      0.03672605752944946,
      0.034332275390625,
      0.031894925981760025,
      0.03146440163254738,
      0.025392737239599228,
      0.02413274720311165,
      0.020016701892018318,
      0.019023355096578598,
      0.01570970192551613,
      0.015693845227360725,
      0.01547229290008545,
      0.013290505856275558,
      0.011484978720545769,
      0.011255119927227497,
      0.010626895353198051,
      0.010621950030326843,
      0.010412083938717842
    ]
  },
  "topic_8": {
    "words": [
      "ok",
      "money",
      "ill",
      "im",
      "come",
      "pick",
      "good",
      "sorri",
      "call",
      "later",
      "home",
      "ltgt",
      "get",
      "want",
      "got",
      "time",
      "like",
      "know",
      "go",
      "much"
    ],