{
  "K": 5,
  "alpha": 1.0,
  "beta": 0.01,
  "prior_scale": 0.1,
  "method": "svi",
  "val_accuracy": 0.43877143996808937,
  "val_auc": 0.5215338553661907
}