{
  "K": 5,
  "alpha": 0.5,
  "beta": 0.01,
  "prior_scale": 0.1,
  "method": "svi",
  "val_accuracy": 0.3741523733546071,
  "val_auc": 0.5070456614244041
}