{
  "topic_0": {
    "words": [
      "call",
      "ok",
      "im",
      "go",
      "get",
      "come",
      "ill",
      "like",
      "ltgt",
      "good",
      "want",
      "time",
      "dont",
      "know",
      "got",
      "home",
      "sorri",
      "ur",
      "day",
      "lor"
    ],
    "probabilities": [
      0.02083210088312626,
      0.018920158967375755,
      0.01703864336013794,
      0.016361935064196587,
      0.014435486868023872,
      0.013079340569674969,
      0.009766943752765656,
      0.008885527960956097,
      0.008687743917107582,
      0.008589076809585094,
      0.008427022024989128,
      0.008285134099423885,
      0.008185540325939655,
      0.008079875260591507,
      0.00785435363650322,
      0.0076826876029372215,
      0.007376118563115597,
      0.007247368339449167,
      0.006741720717400312,
      0.006409396417438984
    ]
  },
  "topic_1": {
    "words": [
      "sent",
      "week",
      "wish",
      "ur",
      "question",
      "town",
      "hello",
      "stay",
      "birthday",
      "test",
      "new",
      "doesnt",
      "hold",
      "treat",
      "juz",
      "guess",
      "prob",
      "she",
      "anyway",
      "brother"
    ],
    "probabilities": [
      0.013167910277843475,
      0.011050636880099773,
      0.009707964025437832,
      0.009261306375265121,
      0.008951637893915176,
      0.008347732946276665,
      0.008062811568379402,
      0.007998560555279255,
      0.007423031143844128,
      0.007322985213249922,
      0.0071773468516767025,
      0.007080096751451492,
      0.007068253122270107,
      0.007056473754346371,
      0.007012997288256884,
      0.007008460815995932,
      0.006981759797781706,
      0.006932776886969805,
      0.006826198659837246,
      0.0067708492279052734
    ]
  },
  "topic_2": {
    "words": [
      "nite",
      "cash",
      "dunno",
      "prize",
      "txt",
      "award",
      "collect",
      "wot",
      "lei",
      "tv",
      "xxx",
      "lar",
      "win",
      "di",
      "food",
      "nope",
      "luv",
      "urgent",
      "hungri",
      "hair"
    ],
    "probabilities": [
      0.014381080865859985,
      0.013378938660025597,
      0.012561537325382233,
      0.01250502560287714,
      0.01240770984441042,
      0.012375809252262115,
      0.011675242334604263,
      0.011408383958041668,
      0.01114545576274395,
      0.01087980903685093,
      0.010649328120052814,
      0.010537629015743732,
      0.010521022602915764,
      0.010427242144942284,
      0.010305942967534065,
      0.010154173709452152,
      0.00947816763073206,
      0.009428735822439194,
      0.009351609274744987,
      0.009208688512444496
    ]
  },
  "topic_3": {
    "words": [
      "room",
      "never",
      "song",
      "wanna",
      "late",
      "account",
      "true",
      "big",
      "alway",
      "actual",
      "play",
      "ltdecimalgt",
      "exam",
      "came",
      "wine",
      "offic",
      "avail",
      "pretti",
      "god",
      "na"
    ],
    "probabilities": [
      0.017812935635447502,
      0.016239169985055923,
      0.015277523547410965,
      0.015064066275954247,
      0.013924013823270798,
      0.01390283927321434,
      0.013165470212697983,
      0.01302210334688425,
      0.012609255500137806,
      0.012204494327306747,
      0.012129273265600204,
      0.011210490949451923,
      0.011031163856387138,
      0.01087159663438797,
      0.010691066272556782,
      0.010206280276179314,
      0.009903375059366226,
      0.009567789733409882,
      0.009392911568284035,
      0.00926303956657648
    ]
  },
  "topic_4": {
    "words": [
      "yo",
      "player",
      "dude",
      "wake",
      "man",
      "trip",
      "import",
      "enough",
      "select",
      "post",
      "saw",
      "old",
      "kiss",
      "mom",
      "havent",
      "pic",
      "film",
      "custom",
      "lost",
      "amt"
    ],
    "probabilities": [
      0.021603919565677643,
      0.01883663982152939,
      0.017965679988265038,
      0.017219485715031624,
      0.016481203958392143,
      0.015914596617221832,
      0.015560782514512539,
      0.015427778474986553,
      0.014860991388559341,
      0.014592885971069336,
      0.014167454093694687,
      0.01390170119702816,
      0.01367521658539772,
      0.01264181174337864,
      0.012536157853901386,
      0.012085853144526482,
      0.011919851414859295,
      0.011306875385344028,
      0.011228450573980808,
      0.010652521625161171
    ]
  }
}