{
  "K": 10,
  "alpha": 1.0,
  "beta": 0.5,
  "prior_scale": 0.1,
  "method": "svi",
  "val_accuracy": 0.44355803749501393,
  "val_auc": 0.5022228893860631
}