{
  "K": 20,
  "alpha": 1.0,
  "beta": 0.01,
  "prior_scale": 0.1,
  "method": "svi",
  "val_accuracy": 0.6386118867171918,
  "val_auc": 0.5456449737886865
}