{
  "K": 15,
  "alpha": 0.1,
  "beta": 0.01,
  "prior_scale": 1.0,
  "method": "svi",
  "val_accuracy": 0.5812562313060817,
  "val_auc": 0.5105671298284182
}