{
  "K": 5,
  "alpha": 1.0,
  "beta": 0.1,
  "prior_scale": 0.1,
  "method": "svi",
  "val_accuracy": 0.5443668993020937,
  "val_auc": 0.4273998248115007
}