{
  "K": 15,
  "alpha": 0.5,
  "beta": 0.5,
  "prior_scale": 0.1,
  "method": "svi",
  "val_accuracy": 0.543369890329013,
  "val_auc": 0.5111124469711283
}