{
  "topic_0": {
    "words": [
      "ok",
      "im",
      "come",
      "go",
      "get",
      "call",
      "good",
      "time",
      "like",
      "dont",
      "got",
      "still",
      "want",
      "day",
      "know",
      "love",
      "much",
      "need",
      "sorri",
      "hi"
    ],
    "probabilities": [
      0.02368859387934208,
      0.017212457954883575,
      0.014302995055913925,
      0.013290555216372013,
      0.013199904933571815,
      0.012409917078912258,
      0.009289764799177647,
      0.009109706617891788,
      0.008178509771823883,
      0.007933936081826687,
      0.007697678171098232,
      0.0075950319878757,
      0.007558888290077448,
      0.007322253193706274,
      0.007122577168047428,
      0.007011035457253456,
      0.00681398855522275,
      0.006208415608853102,
      0.00608673132956028,
      0.006072124000638723
    ]
  },
  "topic_1": {
    "words": [
      "today",
      "account",
      "point",
      "dont",
      "birthday",
      "ha",
      "nd",
      "test",
      "open",
      "amt",
      "head",
      "convey",
      "peopl",
      "give",
      "girl",
      "normal",
      "done",
      "id",
      "wake",
      "enough"
    ],
    "probabilities": [
      0.010396353900432587,
      0.010063037276268005,
      0.008617634885013103,
      0.008170030079782009,
      0.00749886455014348,
      0.007373971864581108,
      0.007357180118560791,
      0.007317609153687954,
      0.007270332425832748,
      0.0072462125681340694,
      0.006994401104748249,
      0.006988388020545244,
      0.006888002157211304,
      0.006873949896544218,
      0.00679739797487855,
      0.006702216807752848,
      0.006636470556259155,
      0.006532179191708565,
      0.006506319157779217,
      0.006375688593834639
    ]
  },
  "topic_2": {
    "words": [
      "call",
      "check",
      "sent",
      "how",
      "make",
      "use",
      "that",
      "problem",
      "readi",
      "get",
      "play",
      "part",
      "time",
      "ur",
      "im",
      "much",
      "post",
      "ltgt",
      "yeah",
      "collect"
    ],
    "probabilities": [
      0.03203453868627548,
      0.02078336849808693,
      0.018616920337080956,
      0.017262950539588928,
      0.016870832070708275,
      0.015533016994595528,
      0.012086869217455387,
      0.010690189898014069,
      0.010616839863359928,
      0.010469489730894566,
      0.010464917868375778,
      0.009106370620429516,
      0.009027553722262383,
      0.008812721818685532,
      0.007966051809489727,
      0.007916511036455631,
      0.007880203425884247,
      0.007843581959605217,
      0.007353039458394051,
      0.007199127692729235
    ]
  },
  "topic_3": {
    "words": [
      "txt",
      "claim",
      "win",
      "player",
      "song",
      "award",
      "ur",
      "week",
      "cash",
      "wot",
      "custom",
      "real",
      "tone",
      "train",
      "stop",
      "receiv",
      "free",
      "mobil",
      "select",
      "dad"
    ],
    "probabilities": [
      0.02114221639931202,
      0.012929466553032398,
      0.012490380555391312,
      0.012412719428539276,
      0.01237322948873043,
      0.012133271433413029,
      0.012033053673803806,
      0.011715240776538849,
      0.011359434574842453,
      0.010685613378882408,
      0.010579940862953663,
      0.010276631452143192,
      0.010240228846669197,
      0.010152160190045834,
      0.009775955229997635,
      0.009714685380458832,
      0.009172753430902958,
      0.009081745520234108,
      0.008924738503992558,
      0.008846131153404713
    ]
  },
  "topic_4": {
    "words": [
      "go",
      "got",
      "ltgt",
      "ill",
      "tell",
      "watch",
      "yet",
      "see",
      "lor",
      "thank",
      "sorri",
      "im",
      "think",
      "da",
      "great",
      "home",
      "want",
      "right",
      "plan",
      "fine"
    ],
    "probabilities": [
      0.023826682940125465,
      0.014205781742930412,
      0.01255272701382637,
      0.01187536958605051,
      0.011332713067531586,
      0.011156142689287663,
      0.011061104945838451,
      0.010904417373239994,
      0.01063005905598402,
      0.010529476217925549,
      0.010178002528846264,
      0.01002668309956789,
      0.009273532778024673,
      0.009150990284979343,
      0.008990342728793621,
      0.008886847645044327,
      0.008865072391927242,
      0.00873655080795288,
      0.008109125308692455,
      0.007833365350961685
    ]
  }
}