{
  "topic_0": {
    "words": [
      "call",
      "im",
      "go",
      "get",
      "come",
      "ok",
      "want",
      "ur",
      "dont",
      "time",
      "good",
      "see",
      "ill",
      "ltgt",
      "sorri",
      "got",
      "know",
      "home",
      "need",
      "think"
    ],
    "probabilities": [
      0.01768960990011692,
      0.014985591173171997,
      0.014835404232144356,
      0.013742886483669281,
      0.012179471552371979,
      0.009092441760003567,
      0.008561971597373486,
      0.008380132727324963,
      0.008129269815981388,
      0.007961133494973183,
      0.007700793910771608,
      0.007395691704005003,
      0.007370038889348507,
      0.007134136278182268,
      0.006979732308536768,
      0.006824025418609381,
      0.006653974298387766,
      0.006557483226060867,
      0.006414507515728474,
      0.006343202665448189
    ]
  },
  "topic_1": {
    "words": [
      "went",
      "win",
      "saw",
      "collect",
      "chanc",
      "select",
      "sir",
      "real",
      "much",
      "juz",
      "wake",
      "hear",
      "nite",
      "yup",
      "lei",
      "txt",
      "receiv",
      "cost",
      "th",
      "movi"
    ],
    "probabilities": [
      0.0319688655436039,
      0.025706244632601738,
      0.01869538240134716,
      0.01828167773783207,
      0.01818038895726204,
      0.018164386972784996,
      0.01724894531071186,
      0.017214812338352203,
      0.01692826859652996,
      0.01687598042190075,
      0.01679343730211258,
      0.01656527817249298,
      0.01655837893486023,
      0.016481773927807808,
      0.01608874835073948,
      0.015897009521722794,
      0.015884120017290115,
      0.015343581326305866,
      0.015193807892501354,
      0.014851340092718601
    ]
  },
  "topic_2": {
    "words": [
      "post",
      "snow",
      "mu",
      "sm",
      "system",
      "big",
      "mate",
      "who",
      "space",
      "stop",
      "hair",
      "game",
      "god",
      "tri",
      "sort",
      "pic",
      "tell",
      "txt",
      "minut",
      "free"
    ],
    "probabilities": [
      0.027109287679195404,
      0.022855838760733604,
      0.020689353346824646,
      0.02068553864955902,
      0.01949170231819153,
      0.019388191401958466,
      0.019272135570645332,
      0.019068527966737747,
      0.018724609166383743,
      0.018440794199705124,
      0.017943281680345535,
      0.01427384652197361,
      0.013267118483781815,
      0.013203314505517483,
      0.01248813234269619,
      0.012369812466204166,
      0.012209231033921242,
      0.01206640712916851,
      0.01182069443166256,
      0.011331274174153805
    ]
  },
  "topic_3": {
    "words": [
      "done",
      "dad",
      "im",
      "sat",
      "say",
      "dude",
      "okay",
      "sinc",
      "what",
      "got",
      "plan",
      "start",
      "den",
      "chat",
      "like",
      "dont",
      "go",
      "meet",
      "sorri",
      "morn"
    ],
    "probabilities": [
      0.025055311620235443,
      0.021485481411218643,
      0.017572082579135895,
      0.016363371163606644,
      0.01622466742992401,
      0.015963878482580185,
      0.015595539472997189,
      0.014716395176947117,
      0.014632736332714558,
      0.014594567939639091,
      0.014250826090574265,
      0.014037261717021465,
      0.01314876414835453,
      0.012488109990954399,
      0.011057172901928425,
      0.010952305980026722,
      0.010892240330576897,
      0.010862158611416817,
      0.010092378593981266,
      0.009998301044106483
    ]
  },
  "topic_4": {
    "words": [
      "hr",
      "hello",
      "draw",
      "award",
      "holiday",
      "camera",
      "week",
      "ppm",
      "email",
      "alright",
      "claim",
      "txt",
      "free",
      "everi",
      "voucher",
      "tc",
      "guarante",
      "urgent",
      "gift",
      "new"
    ],
    "probabilities": [
      0.03505895659327507,
      0.03400141000747681,
      0.030669262632727623,
      0.023667598143219948,
      0.02298021875321865,
      0.02148357965052128,
      0.019907072186470032,
      0.019576402381062508,
      0.01924128457903862,
      0.01848808489739895,
      0.018242212012410164,
      0.016723284497857094,
      0.016031943261623383,
      0.01575286313891411,
      0.015311108902096748,
      0.014696658588945866,
      0.01384378969669342,
      0.01273092720657587,
      0.012551907449960709,
      0.011522955261170864
    ]
  },
  "topic_5": {
    "words": [
      "happi",
      "wish",
      "birthday",
      "convey",
      "ha",
      "famili",
      "pub",
      "boytoy",
      "guess",
      "drug",
      "dnt",
      "ice",
      "sad",
      "regard",
      "age",
      "town",
      "enough",
      "pl",
      "st",
      "fine"
    ],
    "probabilities": [
      0.05038819834589958,
      0.04880351200699806,
      0.03946796804666519,
      0.03941676393151283,
      0.0391140915453434,
      0.034076936542987823,
      0.03300780430436134,
      0.030840208753943443,
      0.028172031044960022,
      0.028087051585316658,
      0.026502307504415512,
      0.0260942280292511,
      0.023290568962693214,
      0.01901514269411564,
      0.01825922727584839,
      0.018047871068120003,
      0.01753629930317402,
      0.016800327226519585,
      0.015277383849024773,
      0.01343286782503128
    ]
  },
  "topic_6": {
    "words": [
      "hold",
      "id",
      "girl",
      "bed",
      "amp",
      "respond",
      "special",
      "goodmorn",
      "boy",
      "fuck",
      "isnt",
      "feel",
      "die",
      "peopl",
      "bad",
      "ltdecimalgt",
      "nobodi",
      "life",
      "late",
      "tire"
    ],
    "probabilities": [
      0.03904921934008598,
      0.03391022980213165,
      0.03151579573750496,
      0.031008515506982803,
      0.03094835951924324,
      0.02719304896891117,
      0.026879336684942245,
      0.026151318103075027,
      0.025400811806321144,
      0.02365848422050476,
      0.023381410166621208,
      0.022427449002861977,
      0.022229790687561035,
      0.021953659132122993,
      0.018975477665662766,
      0.01640097238123417,
      0.014785620383918285,
      0.01457903627306223,
      0.013811659067869186,
      0.013106218539178371
    ]
  },
  "topic_7": {
    "words": [
      "exam",
      "account",
      "gd",
      "show",
      "statement",
      "prize",
      "code",
      "privat",
      "actual",
      "identifi",
      "disturb",
      "someon",
      "took",
      "point",
      "wonder",
      "reason",
      "expir",
      "unredeem",
      "bit",
      "receiv"
    ],
    "probabilities": [
      0.042933400720357895,
      0.04091283679008484,
      0.04008764773607254,
      0.033769335597753525,
      0.032898373901844025,
      0.03187163546681404,
      0.03119497559964657,
      0.03116566129028797,
      0.03008478321135044,
      0.029818283393979073,
      0.02864248864352703,
      0.027983328327536583,
      0.026834605261683464,
      0.025452064350247383,
      0.024384867399930954,
      0.02428942732512951,
      0.021888043731451035,
      0.020449094474315643,
      0.01923096925020218,
      0.01878884993493557
    ]
  },
  "topic_8": {
    "words": [
      "princess",
      "work",
      "call",
      "pleas",
      "care",
      "name",
      "ju",
      "wot",
      "tell",
      "true",
      "ard",
      "reach",
      "wine",
      "ive",
      "month",
      "told",
      "never",
      "long",
      "that",
      "place"
    ],