{
  "K": 15,
  "alpha": 0.1,
  "beta": 0.1,
  "prior_scale": 1.0,
  "method": "svi",
  "val_accuracy": 0.2741774675972084,
  "val_auc": 0.48739329818113114
}