{
  "K": 10,
  "alpha": 1.0,
  "beta": 0.1,
  "prior_scale": 0.1,
  "method": "svi",
  "val_accuracy": 0.3992820103709613,
  "val_auc": 0.4938529534337918
}