{
  "K": 10,
  "alpha": 0.5,
  "beta": 0.01,
  "prior_scale": 1.0,
  "method": "svi",
  "val_accuracy": 0.8256880733944955,
  "val_auc": 0.5527886534623061
}