{
  "topic_0": {
    "words": [
      "fuck",
      "today",
      "award",
      "pleas",
      "well",
      "custom",
      "text",
      "servic",
      "better",
      "haha",
      "pm",
      "convey",
      "speak",
      "tri",
      "cash",
      "call",
      "els",
      "ur",
      "day",
      "claim"
    ],
    "probabilities": [
      0.012299013324081898,
      0.01040828600525856,
      0.010102923028171062,
      0.009750189259648323,
      0.009242653846740723,
      0.009124759584665298,
      0.00906667672097683,
      0.008786476217210293,
      0.008679792284965515,
      0.008467486128211021,
      0.008330143056809902,
      0.008000381290912628,
      0.007971885614097118,
      0.007868148386478424,
      0.007793959695845842,
      0.007716961670666933,
      0.0073346481658518314,
      0.007140999659895897,
      0.007128000725060701,
      0.007002375088632107
    ]
  },
  "topic_1": {
    "words": [
      "call",
      "show",
      "free",
      "mobil",
      "im",
      "player",
      "phone",
      "surf",
      "send",
      "account",
      "get",
      "messag",
      "prob",
      "min",
      "contact",
      "remain",
      "point",
      "tv",
      "guess",
      "wot"
    ],
    "probabilities": [
      0.024730412289500237,
      0.009538729675114155,
      0.009514616802334785,
      0.008788617327809334,
      0.008602546527981758,
      0.008326787501573563,
      0.00794528890401125,
      0.007907582446932793,
      0.007606642786413431,
      0.007543370593339205,
      0.007202110253274441,
      0.006985852029174566,
      0.006938719190657139,
      0.006856533698737621,
      0.006502646487206221,
      0.0063581825233995914,
      0.006350301671773195,
      0.006291969213634729,
      0.006256185472011566,
      0.006177578587085009
    ]
  },
  "topic_2": {
    "words": [
      "yet",
      "went",
      "alreadi",
      "cant",
      "long",
      "pa",
      "ya",
      "rememb",
      "havent",
      "ju",
      "job",
      "dun",
      "left",
      "earli",
      "bu",
      "da",
      "wonder",
      "lei",
      "ltgt",
      "hungri"
    ],
    "probabilities": [
      0.01707395724952221,
      0.01551880594342947,
      0.015263581648468971,
      0.015182257629930973,
      0.015004036948084831,
      0.014997209422290325,
      0.012790357694029808,
      0.011659972369670868,
      0.011571432463824749,
      0.011170786805450916,
      0.010817775502800941,
      0.010395222343504429,
      0.010382047854363918,
      0.0102755818516016,
      0.01025195512920618,
      0.010227452032268047,
      0.010001231916248798,
      0.009873965755105019,
      0.009606871753931046,
      0.00937495008111
    ]
  },
  "topic_3": {
    "words": [
      "happi",
      "week",
      "hey",
      "stop",
      "year",
      "new",
      "ur",
      "txt",
      "late",
      "how",
      "free",
      "amp",
      "noth",
      "repli",
      "nite",
      "would",
      "bring",
      "wanna",
      "next",
      "miss"
    ],
    "probabilities": [
      0.022076930850744247,
      0.021341560408473015,
      0.020978698506951332,
      0.01796548441052437,
      0.017496520653367043,
      0.017029527574777603,
      0.016963602975010872,
      0.015856649726629257,
      0.015712570399045944,
      0.015651177614927292,
      0.013819297775626183,
      0.012781697325408459,
      0.01272097323089838,
      0.012133431620895863,
      0.012012037448585033,
      0.011921842582523823,
      0.01158376969397068,
      0.011583380401134491,
      0.0114813931286335,
      0.011362230405211449
    ]
  },
  "topic_4": {
    "words": [
      "still",
      "got",
      "like",
      "ltgt",
      "buy",
      "check",
      "tell",
      "friend",
      "say",
      "guy",
      "tonight",
      "wont",
      "go",
      "use",
      "today",
      "dinner",
      "told",
      "come",
      "give",
      "around"
    ],
    "probabilities": [
      0.04291990026831627,
      0.03660648316144943,
      0.03357432037591934,
      0.024564016610383987,
      0.023218244314193726,
      0.02296423725783825,
      0.022368771955370903,
      0.01762334071099758,
      0.017306633293628693,
      0.01610703207552433,
      0.015698455274105072,
      0.015612825751304626,
      0.01537493895739317,
      0.015180177986621857,
      0.014933637343347073,
      0.01384783536195755,
      0.013506006449460983,
      0.012804546393454075,
      0.012531730346381664,
      0.01133109163492918
    ]
  },
  "topic_5": {
    "words": [
      "love",
      "sent",
      "ye",
      "said",
      "great",
      "place",
      "feel",
      "need",
      "lot",
      "even",
      "money",
      "life",
      "hello",
      "keep",
      "thing",
      "gud",
      "cool",
      "thought",
      "man",
      "might"
    ],
    "probabilities": [
      0.033671166747808456,
      0.02647208794951439,
      0.022309022024273872,
      0.022243643179535866,
      0.020993798971176147,
      0.018971450626850128,
      0.01812872476875782,
      0.018107429146766663,
      0.017579125240445137,
      0.017378034070134163,
      0.015598266385495663,
      0.015416606329381466,
      0.015070713125169277,
      0.014902574010193348,
      0.01486476231366396,
      0.01454654335975647,
      0.013553532771766186,
      0.013537246733903885,
      0.012911933474242687,
      0.011999755166471004
    ]
  },
  "topic_6": {
    "words": [
      "see",
      "oh",
      "hope",
      "know",
      "oki",
      "someth",
      "time",
      "yup",
      "first",
      "ah",
      "could",
      "book",
      "name",
      "weekend",
      "co",
      "room",
      "get",
      "sat",
      "go",
      "im"
    ],
    "probabilities": [
      0.04676492139697075,
      0.04152095690369606,
      0.0378776378929615,
      0.03764291852712631,
      0.031204940751194954,
      0.03027232363820076,
      0.025152631103992462,
      0.020967567339539528,
      0.019885851070284843,
      0.018858138471841812,
      0.017720745876431465,
      0.017691532149910927,
      0.017539920285344124,
      0.015906337648630142,
      0.015404803678393364,
      0.015128794126212597,
      0.014396177604794502,
      0.0141286700963974,
      0.013636638410389423,
      0.011283697560429573
    ]
  },
  "topic_7": {
    "words": [
      "work",
      "meet",
      "ill",
      "come",
      "later",
      "sorri",
      "pick",
      "tomorrow",
      "fine",
      "wat",
      "right",
      "class",
      "ok",
      "done",
      "go",
      "im",
      "problem",
      "yeah",
      "good",
      "call"
    ],
    "probabilities": [
      0.041927289217710495,
      0.03454228863120079,
      0.03387271985411644,
      0.03289254382252693,
      0.029877565801143646,
      0.02875955030322075,
      0.027067948132753372,
      0.02624097466468811,
      0.025578221306204796,
      0.023923013359308243,
      0.022064927965402603,
      0.02189140021800995,
      0.020749125629663467,
      0.020571529865264893,
      0.0184034276753664,
      0.018204035237431526,
      0.01702217385172844,
      0.01631997711956501,
      0.0160979013890028,
      0.01590367779135704
    ]
  },
  "topic_8": {
    "words": [
      "ok",
      "talk",
      "care",
      "dear",
      "nice",
      "hi",
      "drive",
      "happen",
      "call",
      "didnt",
      "take",
      "hear",
      "babi",
      "fun",
      "well",
      "go",
      "want",
      "good",
      "babe",
      "lor"
    ],