{
  "topic_0": {
    "words": [
      "ok",
      "im",
      "get",
      "go",
      "call",
      "come",
      "want",
      "got",
      "like",
      "time",
      "ltgt",
      "ill",
      "dont",
      "home",
      "good",
      "know",
      "sorri",
      "see",
      "ur",
      "lor"
    ],
    "probabilities": [
      0.023223258554935455,
      0.01836945302784443,
      0.017040329053997993,
      0.01395165640860796,
      0.0137238260358572,
      0.013446266762912273,
      0.009901700541377068,
      0.00943391676992178,
      0.009382429532706738,
      0.009111432358622551,
      0.009100268594920635,
      0.00907860230654478,
      0.00895785354077816,
      0.008836541324853897,
      0.0088068637996912,
      0.008147022686898708,
      0.008115960285067558,
      0.008096111938357353,
      0.007786114700138569,
      0.007057838141918182
    ]
  },
  "topic_1": {
    "words": [
      "might",
      "bed",
      "dude",
      "suppos",
      "ard",
      "doesnt",
      "well",
      "custom",
      "he",
      "dat",
      "seem",
      "mayb",
      "charg",
      "gotta",
      "know",
      "head",
      "side",
      "run",
      "though",
      "word"
    ],
    "probabilities": [
      0.02555803209543228,
      0.019338781014084816,
      0.019096598029136658,
      0.018777474761009216,
      0.018776528537273407,
      0.01851637475192547,
      0.01822195015847683,
      0.01786121353507042,
      0.016945695504546165,
      0.01676533930003643,
      0.016194021329283714,
      0.01527849119156599,
      0.014965361915528774,
      0.014567997306585312,
      0.01355296466499567,
      0.013381855562329292,
      0.012824089266359806,
      0.01234130747616291,
      0.011589782312512398,
      0.010570935904979706
    ]
  },
  "topic_2": {
    "words": [
      "call",
      "claim",
      "mobil",
      "receiv",
      "prize",
      "award",
      "contact",
      "box",
      "pain",
      "urgent",
      "line",
      "made",
      "camera",
      "phone",
      "ppm",
      "cash",
      "guarante",
      "move",
      "number",
      "select"
    ],
    "probabilities": [
      0.034903932362794876,
      0.029750576242804527,
      0.028563398867845535,
      0.02540755644440651,
      0.025019049644470215,
      0.02150406315922737,
      0.021446166560053825,
      0.019355298951268196,
      0.018687108531594276,
      0.01868319883942604,
      0.01732625812292099,
      0.015883075073361397,
      0.015874763950705528,
      0.01520521566271782,
      0.014833611436188221,
      0.014677501283586025,
      0.014555077068507671,
      0.013790604658424854,
      0.013644035905599594,
      0.013507889583706856
    ]
  },
  "topic_3": {
    "words": [
      "free",
      "txt",
      "repli",
      "text",
      "ur",
      "nokia",
      "tone",
      "st",
      "download",
      "wanna",
      "month",
      "offer",
      "stop",
      "week",
      "wk",
      "mobil",
      "new",
      "messag",
      "send",
      "end"
    ],
    "probabilities": [
      0.036600980907678604,
      0.02776838280260563,
      0.02562563680112362,
      0.02318001724779606,
      0.021992739289999008,
      0.021548008546233177,
      0.02148737944662571,
      0.020413076505064964,
      0.01784953661262989,
      0.016613375395536423,
      0.016526831313967705,
      0.014599696733057499,
      0.013799999840557575,
      0.012365227565169334,
      0.012006022036075592,
      0.011882444843649864,
      0.011795803904533386,
      0.01178656704723835,
      0.011004284024238586,
      0.010741069912910461
    ]
  },
  "topic_4": {
    "words": [
      "may",
      "yo",
      "special",
      "movi",
      "post",
      "true",
      "slept",
      "ring",
      "gym",
      "pm",
      "avail",
      "eye",
      "tho",
      "name",
      "full",
      "book",
      "sm",
      "lesson",
      "connect",
      "tire"
    ],
    "probabilities": [
      0.03929360583424568,
      0.032388836145401,
      0.026488685980439186,
      0.025704169645905495,
      0.0245838426053524,
      0.02447836846113205,
      0.024017082527279854,
      0.022624775767326355,
      0.02215202897787094,
      0.02179773338139057,
      0.020168853923678398,
      0.020160190761089325,
      0.01981237903237343,
      0.018293624743819237,
      0.01796659082174301,
      0.01774010621011257,
      0.016604367643594742,
      0.014970391988754272,
      0.014599415473639965,
      0.014367274940013885
    ]
  },
  "topic_5": {
    "words": [
      "rememb",
      "heart",
      "haf",
      "amp",
      "disturb",
      "sat",
      "ha",
      "juz",
      "without",
      "love",
      "funni",
      "sweet",
      "old",
      "space",
      "alon",
      "come",
      "even",
      "sad",
      "littl",
      "gud"
    ],
    "probabilities": [
      0.02176806516945362,
      0.020398618653416634,
      0.01915649138391018,
      0.018289493396878242,
      0.015767190605401993,
      0.015579715371131897,
      0.01466238684952259,
      0.014192141592502594,
      0.014138470403850079,
      0.014042629860341549,
      0.013841514475643635,
      0.013537117280066013,
      0.013475983403623104,
      0.012319309636950493,
      0.012136547826230526,
      0.011697019450366497,
      0.011656063608825207,
      0.011497530154883862,
      0.011292142793536186,
      0.010869728401303291
    ]
  },
  "topic_6": {
    "words": [
      "go",
      "pay",
      "account",
      "im",
      "much",
      "hous",
      "hungri",
      "offic",
      "point",
      "babi",
      "want",
      "ltgt",
      "hi",
      "walk",
      "meet",
      "enough",
      "tampa",
      "alright",
      "na",
      "pretti"
    ],
    "probabilities": [
      0.024734176695346832,
      0.017348820343613625,
      0.01732250675559044,
      0.016264166682958603,
      0.01506905909627676,
      0.014998449012637138,
      0.014721997082233429,
      0.013624749146401882,
      0.012662230059504509,
      0.012443285435438156,
      0.012223673984408379,
      0.01102611143141985,
      0.0109968651086092,
      0.010816482827067375,
      0.010729704052209854,
      0.010702605359256268,
      0.010681290179491043,
      0.010187968611717224,
      0.010042505338788033,
      0.01001365203410387
    ]
  },
  "topic_7": {
    "words": [
      "saw",
      "buy",
      "normal",
      "look",
      "earli",
      "liao",
      "found",
      "cost",
      "tht",
      "one",
      "wat",
      "irrit",
      "pa",
      "thinkin",
      "ltgt",
      "haha",
      "finish",
      "piec",
      "work",
      "dai"
    ],
    "probabilities": [
      0.03710382431745529,
      0.0353236123919487,
      0.029598070308566093,
      0.02886468917131424,
      0.027896182611584663,
      0.027725618332624435,
      0.026963651180267334,
      0.026381228119134903,
      0.024272702634334564,
      0.020016297698020935,
      0.019023679196834564,
      0.016270829364657402,
      0.0162042286247015,
      0.015602373518049717,
      0.01331391278654337,
      0.013135592453181744,
      0.013126300647854805,
      0.011534902267158031,
      0.011397499591112137,
      0.01048218458890915
    ]
  },
  "topic_8": {
    "words": [
      "email",
      "stand",
      "prob",
      "chanc",
      "thursday",
      "part",
      "fine",
      "per",
      "win",
      "surf",
      "ex",
      "noth",
      "problem",
      "wish",
      "hook",
      "show",
      "player",
      "talk",
      "drive",
      "weekend"
    ],