{
  "K": 5,
  "alpha": 0.5,
  "beta": 0.5,
  "prior_scale": 0.1,
  "method": "svi",
  "val_accuracy": 0.6041874376869392,
  "val_auc": 0.5366092437696444
}