{
  "topic_0": {
    "words": [
      "call",
      "ok",
      "im",
      "go",
      "get",
      "come",
      "ill",
      "got",
      "like",
      "know",
      "ltgt",
      "good",
      "time",
      "dont",
      "want",
      "home",
      "sorri",
      "lor",
      "day",
      "see"
    ],
    "probabilities": [
      0.020995203405618668,
      0.019442738965153694,
      0.017600877210497856,
      0.015689196065068245,
      0.012978889048099518,
      0.012109175324440002,
      0.010315414518117905,
      0.00994882546365261,
      0.009692791849374771,
      0.008828414604067802,
      0.008616948500275612,
      0.008382350206375122,
      0.0083652688190341,
      0.008025317452847958,
      0.008017204701900482,
      0.007935871370136738,
      0.007274212781339884,
      0.007172475103288889,
      0.006797300186008215,
      0.006520207971334457
    ]
  },
  "topic_1": {
    "words": [
      "food",
      "offic",
      "de",
      "surf",
      "man",
      "da",
      "lei",
      "wish",
      "birthday",
      "sweet",
      "prob",
      "abt",
      "boy",
      "tmr",
      "came",
      "ltgt",
      "th",
      "love",
      "alon",
      "heart"
    ],
    "probabilities": [
      0.009736242704093456,
      0.009709778241813183,
      0.008745670318603516,
      0.008548447862267494,
      0.008532928302884102,
      0.008440149948000908,
      0.008280419744551182,
      0.00827674102038145,
      0.008269434794783592,
      0.00801421981304884,
      0.007960635237395763,
      0.007715837564319372,
      0.00765978405252099,
      0.007641306146979332,
      0.007603154052048922,
      0.007522182539105415,
      0.00749419629573822,
      0.007492423988878727,
      0.007458513602614403,
      0.007404644042253494
    ]
  },
  "topic_2": {
    "words": [
      "check",
      "sent",
      "yup",
      "how",
      "one",
      "gud",
      "room",
      "went",
      "lunch",
      "person",
      "earli",
      "yet",
      "bit",
      "might",
      "ever",
      "stay",
      "ah",
      "two",
      "mayb",
      "mind"
    ],
    "probabilities": [
      0.017895733937621117,
      0.014706498943269253,
      0.012292351573705673,
      0.011935455724596977,
      0.01061332132667303,
      0.010446226224303246,
      0.010440744459629059,
      0.010409431532025337,
      0.009775388985872269,
      0.009495383128523827,
      0.009469646960496902,
      0.00925237312912941,
      0.008972104638814926,
      0.00869650486856699,
      0.008492073975503445,
      0.008324871771037579,
      0.008139642886817455,
      0.0074443877674639225,
      0.007372935302555561,
      0.00696848938241601
    ]
  },
  "topic_3": {
    "words": [
      "free",
      "txt",
      "pa",
      "win",
      "mobil",
      "week",
      "claim",
      "chanc",
      "award",
      "receiv",
      "ur",
      "full",
      "school",
      "eat",
      "tone",
      "select",
      "text",
      "per",
      "forgot",
      "po"
    ],
    "probabilities": [
      0.01726064831018448,
      0.01576380245387554,
      0.01570473238825798,
      0.015702715143561363,
      0.0142548568546772,
      0.01326262392103672,
      0.0122676445171237,
      0.010569375939667225,
      0.01024633552879095,
      0.010072262957692146,
      0.009511069394648075,
      0.0090688681229949,
      0.008844065479934216,
      0.008759133517742157,
      0.008413207717239857,
      0.00823222380131483,
      0.007723884657025337,
      0.007629367057234049,
      0.0075872973538935184,
      0.007520783226937056
    ]
  },
  "topic_4": {
    "words": [
      "ju",
      "hello",
      "player",
      "name",
      "chang",
      "yesterday",
      "thk",
      "hair",
      "nd",
      "bath",
      "caus",
      "pub",
      "noe",
      "ppm",
      "prize",
      "die",
      "god",
      "close",
      "urgent",
      "may"
    ],
    "probabilities": [
      0.020855193957686424,
      0.017615359276533127,
      0.017268996685743332,
      0.016679830849170685,
      0.015832839533686638,
      0.014821772463619709,
      0.014172698371112347,
      0.014139685779809952,
      0.013292618095874786,
      0.012750585563480854,
      0.012734413146972656,
      0.012622718699276447,
      0.012620006687939167,
      0.012514742091298103,
      0.01250613946467638,
      0.012267041020095348,
      0.011990701779723167,
      0.011941570788621902,
      0.011660948395729065,
      0.011432034894824028
    ]
  }
}